state_code,district_name,districts,blocks,villages,dugwell,shallow_tubewell,medium_tubewell,deep_tubewell,total_gw_scheme,surface_flow_scheme,surface_lift_scheme,total_sw_scheme,total_water_scheme
AN,NICOBAR,1,3,74,247,1,0,0,248,5,5,10,258
AN,NORTH & MIDDLE ANDAMAN,1,3,192,678,21,0,0,699,342,831,1173,1872
AN,SOUTH ANDAMAN,1,3,114,409,1,0,0,410,5,165,170,580
AS,Baksa,1,10,692,5,1650,0,12,1667,135,89,224,1891
AS,Barpeta,1,12,838,43,14785,1,21,14850,1,5,6,14856
AS,Bongaigaon,1,6,566,3,6042,0,20,6065,23,125,148,6213
AS,Cachar,1,15,1057,0,1,0,1,2,15,1172,1187,1189
AS,Chirang,1,5,505,8,1050,0,0,1058,149,7,156,1214
AS,Darrang,1,7,562,4,9359,0,23,9386,6,4,10,9396
AS,Dhemaji,1,5,1318,2,1454,0,11,1467,2,379,381,1848
AS,Dhubri,1,15,1092,9,14906,2,45,14962,28,142,170,15132
AS,Dibrugarh,1,7,1354,0,4818,7,26,4851,0,100,100,4951
AS,Dima Hasao,1,5,694,1,199,0,1,201,45,1,46,247
AS,Goalpara,1,8,837,14,5918,0,32,5964,96,296,392,6356
AS,Golaghat,1,8,1127,8,2477,0,18,2503,13,615,628,3131
AS,Hailakandi,1,5,332,0,3,0,13,16,5,367,372,388
AS,Jorhat,1,8,855,6,3330,11,136,3483,7,28,35,3518
AS,Kamrup,1,14,1082,14,12346,0,19,12379,739,622,1361,13740
AS,Kamrup Metropolitan,1,4,226,3,917,0,0,920,213,216,429,1349
AS,Karbi Anglong,1,11,2915,2,203,0,4,209,301,35,336,545
AS,Karimganj,1,7,941,0,49,1,6,56,19,435,454,510
AS,Kokrajhar,1,11,1067,1,3580,0,1,3582,56,188,244,3826
AS,Lakhimpur,1,9,1184,17,2541,0,49,2607,2,261,263,2870
AS,Morigaon,1,7,636,4,6425,0,13,6442,1,24,25,6467
AS,Nagaon,1,20,1420,9,16252,0,26,16287,24,420,444,16731
AS,Nalbari,1,7,464,40,4877,0,31,4948,5,32,37,4985
AS,Sivasagar,1,9,876,2,3160,0,31,3193,5,93,98,3291
AS,Sonitpur,1,14,1878,12,5443,0,12,5467,19,353,372,5839
AS,Tinsukia,1,7,1176,2,2468,3,71,2544,1,20,21,2565
AS,Udalguri,1,11,792,6,2989,0,1,2996,468,8,476,3472
BH,ARARIA,1,9,741,1,3430,2253,198,5882,22,10,32,5914
BH,ARWAL,1,5,316,1,693,2774,124,3592,0,0,0,3592
BH,AURANGABAD,1,11,1884,284,4547,6610,265,11706,198,164,362,12068
BH,BANKA,1,11,2110,537,5344,1571,4,7456,148,185,333,7789
BH,BEGUSARAI,1,18,1145,2,3,14698,0,14703,0,5,5,14708
BH,BHAGALPUR,1,16,1519,4121,7367,2020,66,13574,4,178,182,13756
BH,BHOJPUR,1,14,1227,58,10744,12050,994,23846,120,138,258,24104
BH,BUXAR,1,11,1123,14,15798,534,0,16346,0,0,0,16346
BH,DARBHANGA,1,18,1268,29,1245,9017,1727,12018,23,32,55,12073
BH,EAST CHAMPARAN,1,27,1297,130,21579,3722,796,26227,0,2,2,26229
BH,GAYA,1,24,2889,347,22494,12307,84,35232,521,658,1179,36411
BH,GOPAALGANJ,1,14,1566,512,18257,7941,28,26738,0,0,0,26738
BH,JAMUI,1,10,1527,3614,1922,2061,59,7656,563,288,851,8507
BH,JEHANABAD,1,7,587,4,7530,8069,22,15625,11,1,12,15637
BH,KAIMUR (BHABUA),1,11,1696,3273,11824,4241,1290,20628,381,70,451,21079
BH,KATIHAR,1,16,1574,71,20857,6733,79,27740,0,0,0,27740
BH,KHAGARIA,1,7,306,46,7868,1797,1279,10990,15,182,197,11187
BH,KISHANGANJ,1,7,782,13,2415,3121,59,5608,0,0,0,5608
BH,LAKHISARAI,1,7,470,609,547,4644,210,6010,8,13,21,6031
BH,MADHEPURA,1,13,447,14,7568,6764,39,14385,7,25,32,14417
BH,MADHUBANI,1,21,1117,260,11832,6278,159,18529,35,1200,1235,19764
BH,MUNGER,1,9,885,2818,4353,895,402,8468,97,69,166,8634
BH,MUZAFFARPUR,1,16,1806,34,15837,19618,2,35491,0,0,0,35491
BH,NALANDA,1,20,1083,1628,23288,3524,3290,31730,32,2,34,31764
BH,NAWADA,1,14,1064,64,7700,10349,51,18164,329,388,717,18881
BH,PATNA,1,23,1404,86,7075,17689,159,25009,0,0,0,25009
BH,PURNIA,1,14,1272,70,25221,614,0,25905,0,2,2,25907
BH,ROHTAS(SASARAM),1,19,2079,3123,5751,3332,34,12240,30,30,60,12300
BH,SAHARSA,1,10,472,19,6195,1637,23,7874,2,10,12,7886
BH,SAMASTIPUR,1,20,1260,106,6725,25336,288,32455,0,0,0,32455
BH,SARAN,1,20,1769,40,12281,14126,113,26560,0,0,0,26560
BH,SHEKHPURA,1,6,314,36,3348,1380,241,5005,205,9,214,5219
BH,SHEOHAR,1,5,203,5,1218,2563,8,3794,8,4,12,3806
BH,SITAMARHI,1,17,847,501,7600,4361,11,12473,0,0,0,12473
BH,SIWAN,1,19,1529,98,22694,2337,12,25141,9,30,39,25180
BH,SUPAUL,1,11,555,46,9636,2242,19,11943,0,5,5,11948
BH,VAISHALI,1,16,1568,229,13074,7257,46,20606,4,3,7,20613
BH,WEST CHAMPARAN,1,18,1487,34,6092,9416,606,16148,20,0,20,16168
CH,CHANDIGARH,1,1,13,0,17,5,30,52,0,0,0,52
DL,Central,1,1,8,0,345,0,0,345,0,0,0,345
DL,New Delhi,1,1,1,0,0,0,172,172,0,0,0,172
DL,North,1,3,53,0,1528,17,347,1892,0,0,0,1892
DL,North East,1,2,10,0,48,0,30,78,0,0,0,78
DL,North West,1,2,19,0,769,0,31,800,0,0,0,800
DL,Souh East,1,1,5,0,11,0,0,11,0,0,0,11
DL,Souh West,1,3,56,0,139,5,3314,3458,0,0,0,3458
DL,South,1,2,15,0,5,0,633,638,0,0,0,638
DL,West,1,2,11,0,95,0,17,112,0,0,0,112
GA,North Goa,1,6,227,2828,61,1,5,2895,952,443,1395,4290
GA,South Goa,1,6,162,1845,22,0,8,1875,1192,398,1590,3465
GJ,AHMEDABAD,1,9,508,11275,2495,5696,417,19883,545,832,1377,21260
GJ,AMRELI,1,11,595,74409,11072,449,53,85983,2314,924,3238,89221
GJ,ANAND,1,8,369,2154,6776,3171,0,12101,1,77,78,12179
GJ,ARAVALLI,1,6,675,32529,3854,2765,119,39267,256,810,1066,40333
GJ,BANASKANTHA,1,14,1236,17214,10892,61644,11632,101382,401,605,1006,102388
GJ,BHARUCH,1,9,671,2449,4595,1460,250,8754,0,111,111,8865
GJ,BHAVNAGAR,1,10,700,59222,6717,35,8,65982,1469,475,1944,67926
GJ,BOTAD,1,4,187,25838,10,496,0,26344,1334,296,1630,27974
GJ,CHHOTA UDAIPUR,1,6,897,15442,461,1721,0,17624,0,422,422,18046
GJ,DAHOD,1,8,698,38356,144,4,3,38507,126,112,238,38745
GJ,DANG,1,3,311,1684,8,10,0,1702,50,2542,2592,4294
GJ,DEVBHUMIDWARKA,1,4,268,37231,47,0,0,37278,0,2197,2197,39475
GJ,GANDHINAGAR,1,4,293,2387,1431,7905,821,12544,1,83,84,12628
GJ,GIRSOMNATH,1,6,354,45504,642,57,0,46203,0,116,116,46319
GJ,JAMNAGAR,1,6,422,61118,9442,15,71,70646,25,1337,1362,72008
GJ,JUNAGADH,1,9,535,103976,11448,2587,238,118249,275,762,1037,119286
GJ,KACHCHH,1,10,958,7941,8421,13129,3588,33079,102,3587,3689,36768
GJ,KHEDA,1,10,525,11667,4977,9257,2265,28166,6,9,15,28181
GJ,MAHISAGAR,1,6,717,21172,538,767,17,22494,21,806,827,23321
GJ,MEHSANA,1,10,616,4788,3283,14503,761,23335,321,1025,1346,24681
GJ,MORBI,1,5,355,27891,1961,7169,85,37106,1025,2104,3129,40235
GJ,NARMADA,1,5,611,3507,1594,977,3,6081,0,276,276,6357
GJ,NAVSARI,1,6,388,10629,4540,5991,3,21163,1,980,981,22144
GJ,PANCHMAHAL,1,7,644,24488,1359,641,8,26496,161,245,406,26902
GJ,PATAN,1,9,522,82,528,4638,2552,7800,80,531,611,8411
GJ,PORBANDAR,1,3,153,27060,1983,35,0,29078,436,271,707,29785
GJ,RAJKOT,1,11,593,140462,18944,2880,2294,164580,2285,4353,6638,171218
GJ,SABARKANTHA,1,8,719,36039,10633,5173,228,52073,149,1763,1912,53985
GJ,SURAT,1,9,723,22157,9444,7,0,31608,256,1301,1557,33165
GJ,SURENDRANAGAR,1,10,579,33373,7313,9766,1305,51757,658,4024,4682,56439
GJ,TAPI,1,7,524,13342,57,6,4,13409,0,382,382,13791
GJ,VADODARA,1,8,672,2325,1271,8165,2967,14728,46,38,84,14812
GJ,VALSAD,1,6,472,14556,2029,4,1,16590,2,2492,2494,19084
HR,Ambala,1,3,498,0,943,214,13578,14735,0,0,0,14735
HR,Bhiwani,1,7,444,2,8219,3247,12497,23965,0,32,32,23997
HR,Faridabad,1,2,190,0,1707,1616,1329,4652,0,0,0,4652
HR,Fatehabad,1,3,243,0,3297,3125,21586,28008,39,10,49,28057
HR,Gurgaon,1,5,288,0,1312,3791,2583,7686,0,0,0,7686
HR,Hisar,1,4,275,3,10360,819,2534,13716,0,0,0,13716
HR,Jhajjar,1,4,265,4,10092,1557,984,12637,0,0,0,12637
HR,Jind,1,4,307,2,5984,7050,17568,30604,0,0,0,30604
HR,Kaithal,1,3,276,0,1445,1239,21337,24021,13,1,14,24035
HR,Karnal,1,5,436,0,1204,2204,28362,31770,83,25,108,31878
HR,Kurukshetra,1,3,418,0,24,642,28439,29105,22,1,23,29128
HR,Mahendergarh,1,5,372,0,501,1443,13400,15344,0,0,0,15344
HR,Mewat,1,4,447,7,2370,885,3467,6729,0,0,0,6729
HR,Palwal,1,3,283,0,8850,138,519,9507,0,0,0,9507
HR,Panchkula,1,2,254,0,650,201,2276,3127,341,31,372,3499
HR,Panipat,1,3,198,0,447,3236,10461,14144,0,0,0,14144
HR,Rewari,1,3,412,0,11277,28,1767,13072,0,0,0,13072
HR,Rohtak,1,4,147,0,5801,145,760,6706,0,0,0,6706
HR,Sirsa,1,4,326,9,9901,6839,13902,30651,0,0,0,30651
HR,Sonipat,1,4,349,0,1405,10080,680,12165,0,0,0,12165
HR,Yamunanagar,1,3,655,1,4630,3463,9873,17967,0,0,0,17967
JH,Bokaro,1,9,662,4673,25,1,4,4703,1456,206,1662,6365
JH,Chatra,1,12,1487,10834,40,4,2,10880,2691,543,3234,14114
JH,Deoghar,1,10,2664,11656,269,14,17,11956,1971,512,2483,14439
JH,Dhanbad,1,8,1205,4646,65,4,4,4719,1490,629,2119,6838
JH,Dumka,1,10,2930,13466,510,44,5,14025,4523,1645,6168,20193
JH,East Singhbhum,1,11,1764,1069,371,157,10,1607,1077,376,1453,3060
JH,Garhwa,1,19,891,8313,336,630,82,9361,2913,719,3632,12993
JH,Giridih,1,13,2761,14747,989,336,68,16140,3547,704,4251,20391
JH,Godda,1,9,2305,6050,341,52,7,6450,3313,579,3892,10342
JH,Gumla,1,12,949,8676,400,2,10,9088,515,287,802,9890
JH,Hazaribag,1,16,1325,18477,50,27,16,18570,2452,866,3318,21888
JH,Jamtara,1,6,1164,4089,254,5,8,4356,2398,1418,3816,8172
JH,Khunti,1,6,758,5022,139,1,5,5167,454,99,553,5720
JH,Koderma,1,6,704,4435,102,57,32,4626,663,212,875,5501
JH,Latehar,1,9,773,8917,128,5,10,9060,2965,561,3526,12586
JH,Lohardaga,1,7,354,6422,89,1,1,6513,469,165,634,7147
JH,Pakur,1,6,1251,1925,58,19,17,2019,2350,753,3103,5122
JH,Palamu,1,21,1879,11289,61,56,38,11444,5807,703,6510,17954
JH,Ramgarh,1,6,338,5001,59,4,3,5067,376,84,460,5527
JH,Ranchi,1,18,1326,18985,462,155,51,19653,1587,454,2041,21694
JH,Sahebganj,1,9,1821,1718,204,42,12,1976,2806,1443,4249,6225
JH,Saraikella,1,9,1191,1688,45,7,10,1750,2033,864,2897,4647
JH,Simdega,1,10,451,3328,501,1,0,3830,993,180,1173,5003
JH,West Singhbhum,1,18,1684,2497,112,3,5,2617,2195,601,2796,5413
KA,Bagalkot,1,6,624,3350,21740,17337,3804,46231,4245,11948,16193,62424
KA,Bangalore,1,4,588,2574,7919,830,0,11323,821,4,825,12148
KA,Bangalore Rural,1,4,1051,691,5442,8349,4699,19181,912,24,936,20117
KA,Belgaum,1,10,1275,49178,29248,40780,7656,126862,6794,12711,19505,146367
KA,Bellary,1,7,553,1256,4478,18082,4078,27894,2102,3997,6099,33993
KA,Bidar,1,5,620,17504,15091,4874,0,37469,798,1657,2455,39924
KA,Bijapur,1,5,692,20001,12050,16167,0,48218,491,744,1235,49453
KA,Chamarajanagar,1,4,509,1429,4942,21881,6815,35067,160,2,162,35229
KA,Chikkaballapura,1,6,1513,3403,21664,11643,4405,41115,1520,497,2017,43132
KA,Chikmagalur,1,7,1117,880,1473,25640,4307,32300,3518,3396,6914,39214
KA,Chitradurga,1,6,1063,10912,6858,18241,35845,71856,374,24,398,72254
KA,Dakshina Kannada,1,5,331,17991,2149,12187,0,32327,1517,297,1814,34141
KA,Davanagere,1,6,923,648,6520,40590,11416,59174,3759,3887,7646,66820
KA,Dharwad,1,5,380,127,11508,2530,0,14165,1163,874,2037,16202
KA,Gadag,1,5,337,1111,3626,5715,4244,14696,1809,947,2756,17452
KA,Gulbarga,1,7,918,13902,3542,10625,0,28069,2727,3578,6305,34374
KA,Hassan,1,8,2574,2465,21319,39576,3134,66494,5677,2236,7913,74407
KA,Haveri,1,7,703,946,28449,4953,0,34348,3217,2609,5826,40174
KA,Kodagu,1,3,296,165,431,2853,0,3449,425,788,1213,4662
KA,Kolar,1,5,1797,549,6973,23064,4135,34721,2423,161,2584,37305
KA,Koppal,1,4,629,502,18371,11433,2501,32807,602,1731,2333,35140
KA,Mandya,1,7,1477,4333,8905,39545,5089,57872,706,569,1275,59147
KA,Mysore,1,7,1336,736,5001,37287,6338,49362,1495,299,1794,51156
KA,Raichur,1,5,884,3913,5268,7013,3287,19481,5528,6002,11530,31011
KA,Ramanagara,1,4,872,487,6144,17882,0,24513,1359,356,1715,26228
KA,Shimoga,1,7,1530,5767,19737,13229,1922,40655,5895,4639,10534,51189
KA,Tumkur,1,10,2715,11272,98335,29295,5088,143990,1727,1188,2915,146905
KA,Udupi,1,3,233,15348,203,308,0,15859,897,843,1740,17599
KA,Uttara Kannada,1,11,1332,24543,2276,5014,0,31833,2472,894,3366,35199
KA,Yadgir,1,3,513,1988,6754,5927,0,14669,1393,4461,5854,20523
KL,ALAPPUZHA,1,13,78,1270,728,5,3,2006,612,506,1118,3124
KL,ERNAKULAM,1,15,96,8356,70,28,10,8464,443,1263,1706,10170
KL,IDUKKI,1,9,54,1191,17,70,134,1412,341,900,1241,2653
KL,KANNUR,1,12,87,7319,54,62,30,7465,817,2083,2900,10365
KL,KASARGOD,1,7,41,4111,438,341,394,5284,593,646,1239,6523
KL,KOLLAM,1,12,74,2417,57,12,2,2488,311,104,415,2903
KL,KOTTAYAM,1,12,77,1918,9,7,6,1940,297,431,728,2668
KL,KOZHIKODE,1,13,78,5170,95,24,6,5295,154,724,878,6173
KL,MALAPPURAM,1,16,107,12384,210,95,79,12768,662,1126,1788,14556
KL,PALAKKAD,1,14,95,3125,572,755,859,5311,681,1758,2439,7750
KL,PATHANAMTHITTA,1,9,57,2229,13,16,32,2290,474,182,656,2946
KL,THIRUVANANTHAPURAM,1,12,78,2504,19,6,6,2535,975,299,1274,3809
KL,THRISSUR,1,17,95,22170,2220,515,202,25107,577,3075,3652,28759
KL,WAYANAD,1,5,26,94,1,3,5,103,469,686,1155,1258
ML,East Garo Hills,1,3,505,0,0,0,0,0,251,0,251,251
ML,East Jaintia Hills,1,2,206,0,0,0,0,0,802,0,802,802
ML,East Khasi Hills,1,8,1017,0,0,0,0,0,1213,2,1215,1215
ML,North Garo Hills,1,2,578,0,0,0,0,0,119,0,119,119
ML,Ribhoi,1,3,625,0,0,0,0,0,765,0,765,765
ML,South Garo Hills,1,4,660,0,0,0,0,0,197,0,197,197
ML,South West Garo Hills,1,2,492,67,83,0,0,150,299,5,304,454
ML,South West Khasi Hills,1,2,316,0,0,0,0,0,131,0,131,131
ML,West Garo Hills,1,6,1086,5,1074,0,1,1080,904,44,948,2028
ML,West Jaintia Hills,1,3,332,8,0,0,0,8,2328,5,2333,2341
ML,West Khasi Hills,1,4,819,0,0,0,0,0,935,0,935,935
MN,Bishnupur,1,3,75,0,0,0,0,0,60,24,84,84
MN,Chandel,1,4,436,0,0,0,0,0,53,2,55,55
MN,Churachandpur,1,5,594,0,0,0,0,0,57,1,58,58
MN,Imphal East,1,4,207,0,0,0,0,0,93,24,117,117
MN,Imphal West,1,4,150,0,0,0,0,0,83,41,124,124
MN,Senapati,1,6,676,0,0,0,0,0,116,0,116,116
MN,Tamenglong,1,4,179,0,0,0,0,0,70,0,70,70
MN,Thoubal,1,3,145,0,0,0,0,0,106,61,167,167
MN,Ukhrul,1,5,215,0,0,0,0,0,75,0,75,75
MZ,Aizawl,1,5,112,0,0,0,0,0,1333,0,1333,1333
MZ,Champhai,1,5,94,0,0,0,0,0,1119,0,1119,1119
MZ,Kolasib,1,3,51,0,0,0,0,0,285,0,285,285
MZ,Lawngtlai,1,4,165,0,0,0,0,0,152,0,152,152
MZ,Lunglei,1,4,192,0,0,0,0,0,156,0,156,156
MZ,Mamit,1,3,118,0,0,0,0,0,136,0,136,136
MZ,Saiha,1,2,60,0,0,0,0,0,86,0,86,86
MZ,Serchhip,1,3,38,0,0,0,0,0,1014,0,1014,1014
NL,Dimapur,1,6,143,12,10,13,0,35,366,40,406,441
NL,Kiphiri,1,5,82,0,0,0,0,0,623,0,623,623
NL,Kohima,1,7,87,0,0,0,0,0,3303,0,3303,3303
NL,Longleng,1,3,28,0,0,0,0,0,194,0,194,194
NL,Mokokchung,1,9,77,0,5,0,0,5,816,0,816,821
NL,Mon,1,8,107,0,0,0,0,0,1277,1,1278,1278
NL,Peren,1,4,86,0,0,0,0,0,1057,0,1057,1057
NL,Phek,1,8,92,0,0,0,0,0,3947,1,3948,3948
NL,Tuensang,1,9,116,0,0,0,0,0,3141,0,3141,3141
NL,Wokha,1,7,123,0,0,0,0,0,1782,1,1783,1783
NL,Zunheboto,1,8,173,0,0,0,0,0,515,2,517,517
OD,Angul,1,8,1818,27970,234,320,472,28996,431,596,1027,30023
OD,Balangir,1,14,1779,40435,241,157,238,41071,2033,1081,3114,44185
OD,Balasore,1,12,2878,989,14748,5005,2182,22924,104,407,511,23435
OD,Bargarh,1,12,1180,21517,999,3819,599,26934,4018,2049,6067,33001
OD,Bhadrak,1,7,1311,471,3653,2344,542,7010,50,4346,4396,11406
OD,Boudh,1,3,1179,7540,166,10,130,7846,181,76,257,8103
OD,Cuttack,1,14,1971,8920,6015,1375,332,16642,203,3049,3252,19894
OD,Deogarh,1,3,745,6929,46,98,464,7537,430,273,703,8240
OD,Dhenkanal,1,8,1191,9725,74,79,55,9933,608,1025,1633,11566
OD,Gajapati,1,7,1508,2206,105,28,6,2345,2178,148,2326,4671
OD,Ganjam,1,22,3134,32796,1787,345,111,35039,5408,2123,7531,42570
OD,Jagatsinghpur,1,8,1293,161,3786,3115,105,7167,23,862,885,8052
OD,Jajpur,1,10,1773,538,3932,1385,408,6263,264,1297,1561,7824
OD,Jharsuguda,1,5,336,5662,3,52,329,6046,246,238,484,6530
OD,Kalahandi,1,13,2182,22387,61,149,879,23476,1955,860,2815,26291
OD,Kandhamal,1,12,2478,6859,11,6,5,6881,338,213,551,7432
OD,Kendrapara,1,9,1512,153,1137,97,40,1427,66,2315,2381,3808
OD,Keonjhar,1,13,2076,23160,1960,449,573,26142,892,1921,2813,28955
OD,Khurda,1,10,1551,9950,1123,1163,136,12372,877,810,1687,14059
OD,Koraput,1,14,1910,3437,177,44,30,3688,3585,2162,5747,9435
OD,Malkangiri,1,7,924,1879,11,141,292,2323,561,757,1318,3641
OD,Mayurbhanj,1,26,3909,11099,2137,1680,669,15585,1314,2705,4019,19604
OD,Nawarangpur,1,10,876,7306,289,97,490,8182,606,7737,8343,16525
OD,Nayagarh,1,8,1695,8291,174,311,45,8821,271,543,814,9635
OD,Nuapada,1,5,636,11855,33,176,112,12176,494,340,834,13010
OD,Puri,1,11,1690,797,6340,1683,247,9067,625,5158,5783,14850
OD,Rayagada,1,11,2642,825,554,213,66,1658,5555,581,6136,7794
OD,Sambalpur,1,9,1289,16192,43,175,960,17370,758,1268,2026,19396
OD,Sonepur,1,6,945,13794,16,22,105,13937,717,473,1190,15127
OD,Sundargarh,1,17,1720,19391,123,138,530,20182,346,1804,2150,22332
PB,AMRITSAR,1,9,777,0,537,63740,10074,74351,0,0,0,74351
PB,BARNALA,1,3,130,0,20,1116,37420,38556,0,0,0,38556
PB,Bathinda,1,7,292,0,36164,22,14895,51081,0,0,0,51081
PB,FARIDKOT,1,2,171,0,12401,4607,18127,35135,0,0,0,35135
PB,fatehgarh Sahib,1,5,455,0,10,24643,8834,33487,0,0,0,33487
PB,Fazilka,1,4,358,0,20108,5850,9864,35822,0,0,0,35822
PB,FEROZEPUR,1,6,652,0,10069,21888,27176,59133,0,0,0,59133
PB,GURDASPUR,1,10,1221,0,36424,48338,195,84957,0,0,0,84957
PB,Hoshiarpur,1,10,1449,0,22570,8800,24329,55699,104,17,121,55820
PB,Jalandhar,1,10,1005,0,1810,49432,20443,71685,0,0,0,71685
PB,KAPURTHALA,1,5,701,0,15835,19122,13466,48423,0,0,0,48423
PB,LUDHIANA,1,11,968,0,21832,36090,43883,101805,0,0,0,101805
PB,Mansa,1,5,244,0,10961,17328,12322,40611,0,0,0,40611
PB,MOGA,1,5,330,0,12,1079,57814,58905,0,0,0,58905
PB,MUKATSAR,1,4,236,0,27483,1123,1275,29881,0,0,0,29881
PB,Pathankot,1,4,421,0,8332,663,388,9383,0,51,51,9434
PB,PATIALA,1,8,933,0,2395,29718,40607,72720,18,1330,1348,74068
PB,RupNagar,1,5,614,0,12434,7280,980,20694,75,106,181,20875
PB,SANGRUR,1,10,589,0,38,3650,94130,97818,0,1,1,97819
PB,SAS Nagar,1,3,461,0,2849,1031,8739,12619,0,489,489,13108
PB,S.B.S Nagar,1,5,474,0,4790,14707,5217,24714,2,3,5,24719
PB,TARN TARAN,1,8,494,0,1605,24482,35201,61288,0,0,0,61288
PY,KARAIKAL,1,6,37,0,0,0,0,0,362,0,362,362
PY,PUDUCHERRY,1,7,82,57,600,1815,1342,3814,0,0,0,3814
PY,YANAM,1,1,4,0,0,0,0,0,322,0,322,322
RJ,AJMER,1,16,1140,56654,58,272,1171,58155,464,2904,3368,61523
RJ,ALWAR,1,16,2081,25070,1054,11888,53338,91350,1,20,21,91371
RJ,BANSWARA,1,11,1518,11213,442,283,54,11992,53,4450,4503,16495
RJ,BARAN,1,8,1245,14286,134,4978,26903,46301,23,1508,1531,47832
RJ,BARMER,1,14,2551,22572,234,1476,12790,37072,0,0,0,37072
RJ,BHARATPUR,1,11,1571,4731,14097,9140,16161,44129,0,0,0,44129
RJ,BHILWARA,1,16,1872,99339,474,1236,2019,103068,213,58,271,103339
RJ,BIKANER,1,8,945,512,10,82,24736,25340,0,0,0,25340
RJ,BUNDI,1,6,889,22634,1113,9884,5501,39132,22,142,164,39296
RJ,CHITTORGARH,1,11,1740,66520,589,5289,13995,86393,20,286,306,86699
RJ,CHURU,1,7,913,3570,85,458,11638,15751,0,0,0,15751
RJ,DAUSA,1,8,1118,21803,547,14018,9731,46099,2,151,153,46252
RJ,DHOLPUR,1,6,844,7125,3575,4328,1183,16211,5,359,364,16575
RJ,DUNGARPUR,1,9,975,15026,137,748,548,16459,33,80,113,16572
RJ,GANGANAGAR,1,9,3059,44,681,23,14,762,0,0,0,762
RJ,HANUMANGARH,1,7,1914,1678,35,118,43,1874,0,0,0,1874
RJ,JAIPUR,1,16,2376,33101,484,30138,44157,107880,8,148,156,108036
RJ,JAISALMER,1,4,805,208,5,43,7243,7499,0,6,6,7505
RJ,JALORE,1,9,807,40324,449,2606,11675,55054,0,0,0,55054
RJ,JHALAWAR,1,8,1624,71149,177,2325,4036,77687,10,33,43,77730
RJ,JHUNJHUNU,1,8,948,37315,386,6112,8342,52155,0,0,0,52155
RJ,JODHPUR,1,13,1832,2453,207,772,46962,50394,0,304,304,50698
RJ,KARAULI,1,7,893,14075,683,7671,9234,31663,75,3395,3470,35133
RJ,KOTA,1,6,953,10305,2555,8933,12238,34031,0,45,45,34076
RJ,NAGAUR,1,13,1608,17647,39,940,19829,38455,1,13,14,38469
RJ,PALI,1,10,1057,30019,989,930,1077,33015,24,0,24,33039
RJ,PRATAPGARH,1,5,1000,35004,233,1498,3272,40007,14,7,21,40028
RJ,RAJSAMAND,1,9,1081,44213,104,90,584,44991,13,0,13,45004
RJ,SAWAI MADHOPUR,1,8,821,32989,5685,5261,1439,45374,28,3957,3985,49359
RJ,SIKAR,1,9,1174,17307,72,4682,41675,63736,0,0,0,63736
RJ,SIROHI,1,5,493,19123,101,1939,989,22152,17,0,17,22169
RJ,TONK,1,8,1201,46255,240,1041,264,47800,105,2390,2495,50295
RJ,UDAIPUR,1,13,2519,51350,537,2333,3332,57552,52,96,148,57700
SK,EAST,1,119,290,0,0,0,0,0,644,0,644,644
SK,NORTH,1,47,111,0,0,0,0,0,190,0,190,190
SK,SOUTH,1,133,271,0,0,0,0,0,450,0,450,450
SK,WEST,1,113,317,0,0,0,0,0,465,0,465,465
TL,Adilabad,1,52,1739,25391,7590,22056,9825,64862,2641,3606,6247,71109
TL,Karimnagar,1,57,1097,189795,8821,25667,25665,249948,5489,919,6408,256356
TL,Khammam,1,46,903,39069,9432,19672,5408,73581,3654,6184,9838,83419
TL,Mahbubnagar,1,64,1546,21282,9231,101297,63483,195293,6194,3554,9748,205041
TL,Medak,1,46,1261,17830,7293,84965,67422,177510,4413,2587,7000,184510
TL,Nalgonda,1,59,1150,64923,34735,99255,42414,241327,4100,7956,12056,253383
TL,Nizamabad,1,36,912,5729,15017,133126,13773,167645,2520,2461,4981,172626
TL,Rangareddy,1,37,1003,8749,7369,30129,23241,69488,2052,407,2459,71947
TL,Warangal,1,51,1042,132584,9365,55149,19403,216501,5015,2385,7400,223901
TN,ARIYALUR,1,6,195,4248,4060,1060,5743,15111,413,23,436,15547
TN,COIMBATORE,1,12,304,61950,409,60,10078,72497,1019,371,1390,73887
TN,CUDDALORE,1,13,895,9870,13457,13531,11556,48414,387,104,491,48905
TN,DHARMAPURI,1,8,470,76256,639,851,3368,81114,681,71,752,81866
TN,DINDIGUL,1,14,360,88945,9915,1199,11084,111143,793,41,834,111977
TN,ERODE,1,14,465,50358,26249,3088,10177,89872,10,0,10,89882
TN,KANCHEEPURAM,1,13,1210,50245,7594,1536,1997,61372,1433,18,1451,62823
TN,KANYAKUMARI,1,9,188,1859,837,374,137,3207,2487,9,2496,5703
TN,KARUR,1,8,203,42367,1329,1039,3566,48301,175,20,195,48496
TN,KRISHNAGIRI,1,10,635,53247,1613,772,12826,68458,654,231,885,69343
TN,MADURAI,1,13,664,42307,6664,513,1482,50966,2683,123,2806,53772
TN,NAGAPATTINAM,1,11,509,3650,9249,10053,1756,24708,72,55,127,24835
TN,NAMAKKAL,1,15,419,81518,882,86,15468,97954,7796,373,8169,106123
TN,NILGIRIS,1,4,88,1297,61,22,72,1452,476,250,726,2178
TN,PERAMBALUR,1,4,152,38303,1074,784,1415,41576,12,0,12,41588
TN,PUDUKKOTTAI,1,13,763,33186,378,115,15514,49193,5332,56,5388,54581
TN,RAMANATHAPURAM,1,11,400,6312,70,31,2325,8738,4366,78,4444,13182
TN,SALEM,1,20,643,106578,1615,549,15201,123943,227,0,227,124170
TN,SIVAGANGA,1,12,521,13088,259,569,2891,16807,4715,107,4822,21629
TN,THANJAVUR,1,14,906,2991,20221,10139,28660,62011,566,21,587,62598
TN,THENI,1,8,113,24296,728,764,8123,33911,455,10,465,34376
TN,THIRUVALLUR,1,14,840,13556,9322,5265,7665,35808,1620,27,1647,37455
TN,THIRUVARUR,1,10,573,358,6335,7208,7447,21348,31,0,31,21379
TN,TIRUCHIRAPPALLI,1,14,507,75735,8169,2121,9389,95414,1044,4,1048,96462
TN,TIRUNELVELI,1,19,628,87860,834,879,1066,90639,2230,27,2257,92896
TN,TIRUPPUR,1,13,357,96001,1483,433,9343,107260,13,0,13,107273
TN,TIRUVANNAMALAI,1,18,1067,182619,2110,336,2101,187166,908,29,937,188103
TN,TUTICORIN,1,12,480,26088,681,75,1714,28558,969,57,1026,29584
TN,VELLORE,1,20,841,109295,1166,2522,10429,123412,1238,15,1253,124665
TN,VILLUPPURAM,1,22,1490,153135,7617,7635,11176,179563,1145,35,1180,180743
TN,VIRUDHUNAGAR,1,11,602,45200,228,13,209,45650,822,24,846,46496
TR,Dhalai,1,8,151,2,22,27,5,56,9,177,186,242
TR,GOMATI,1,8,173,9,30,76,30,145,10,389,399,544
TR,KHOWAI,1,6,124,0,1,77,24,102,8,131,139,241
TR,North Tripura,1,8,129,0,0,0,15,15,6,161,167,182
TR,SEPAHIJALA,1,7,169,12,319,638,52,1021,96,270,366,1387
TR,South Tripura,1,8,169,127,31,633,26,817,107,284,391,1208
TR,UNAKOTI,1,4,91,1,5,53,7,66,10,173,183,249
TR,West Tripura,1,9,172,4,115,489,51,659,15,346,361,1020
AP,Anantapur,1,63,965,18290,3477,25308,78731,125806,7778,2,7780,133586
AP,Chittoor,1,66,1515,49700,9017,24263,87644,170624,7657,6,7663,178287
AP,East Godavari,1,64,1673,692,21272,8382,8517,38863,2311,555,2866,41729
AP,Guntur,1,57,726,8296,24621,10294,11059,54270,201,2324,2525,56795
AP,Kadapa,1,51,940,17836,9268,6209,58870,92183,2348,601,2949,95132
AP,Krishna,1,50,987,6578,18220,17783,16619,59200,1013,198,1211,60411
AP,Kurnool,1,54,911,14554,5545,22276,20579,62954,527,3712,4239,67193
AP,Prakasam,1,56,1094,5665,13951,32632,40737,92985,1116,1895,3011,95996
AP,Srikakulam,1,38,1814,34717,8666,2491,242,46116,8823,79,8902,55018
AP,Sri Potti Sriramul,1,46,1187,12738,34968,38829,2088,88623,1771,4745,6516,95139
AP,Visakhapatnam,1,43,3286,12774,10850,7771,1433,32828,5996,34,6030,38858
AP,Vizianagaram,1,34,1534,29071,11114,7855,1020,49060,10314,44,10358,59418
AP,West Godavari,1,48,941,1119,14286,8857,50411,74673,1513,608,2121,76794
AR,ANJAW,1,3,238,0,0,0,0,0,45,0,45,45
AR,CHANGLANG,1,5,334,1,7,0,23,31,235,0,235,266
AR,DIBANG VALLEY,1,3,362,0,6,0,2,8,225,3,228,236
AR,EAST KAMENG,1,4,302,0,0,0,0,0,361,0,361,361
AR,EAST SIANG,1,4,139,0,0,0,0,0,427,2,429,429
AR,KURUNG KUMEY,1,9,400,0,0,0,0,0,291,0,291,291
AR,LOHIT,1,3,196,16,1,1,2,20,65,0,65,85
AR,LOWER SUBANSIRI,1,4,222,0,0,0,0,0,186,0,186,186
AR,PAPUM PARE,1,2,254,0,0,0,0,0,365,0,365,365
AR,TAWANG,1,3,180,0,0,0,0,0,115,0,115,115
AR,TIRAP,1,4,169,2,0,0,0,2,391,0,391,393
AR,UPPER SIANG,1,5,91,2,0,0,0,2,389,0,389,391
AR,UPPER SUBANSIRI,1,6,517,0,0,0,0,0,615,0,615,615
AR,WEST KAMENG,1,4,210,0,0,0,0,0,156,0,156,156
AR,WEST SIANG,1,9,337,0,0,0,0,0,844,1,845,845
CG,Balod,1,5,703,347,2803,10281,1633,15064,46,73,119,15183
CG,Balodabajar,1,6,964,3803,659,2692,5808,12962,281,301,582,13544
CG,Balrampur,1,6,640,6391,348,220,284,7243,1183,5148,6331,13574
CG,Bastar,1,7,604,231,432,915,198,1776,207,1073,1280,3056
CG,Bemetara,1,5,708,69,2065,10696,16065,28895,46,86,132,29027
CG,Bijapur,1,4,700,220,38,44,5,307,84,51,135,442
CG,Bilaspur,1,8,933,1625,3868,3920,5236,14649,378,50,428,15077
CG,Dantevada,1,5,234,4,9,29,53,95,4,19,23,118
CG,Dhamatari,1,4,651,176,7698,10640,1861,20375,383,88,471,20846
CG,Durg,1,3,447,314,2427,10001,2022,14764,125,46,171,14935
CG,Gariyaband,1,5,711,916,3468,5632,852,10868,13,6,19,10887
CG,Janjgir-Champa,1,10,915,1381,1885,701,2978,6945,1436,498,1934,8879
CG,Jashpur,1,8,766,5317,3938,372,167,9794,554,625,1179,10973
CG,Kabirdham,1,4,1011,295,1862,9780,7377,19314,1138,367,1505,20819
CG,Kanker,1,7,1005,360,1523,8186,498,10567,102,1661,1763,12330
CG,Kondagaon,1,5,554,791,363,1202,1379,3735,515,823,1338,5073
CG,Korba,1,5,792,1615,522,207,121,2465,635,416,1051,3516
CG,Koriya,1,5,662,5741,257,268,609,6875,511,1245,1756,8631
CG,Mahasamund,1,5,1152,74,4393,15457,2901,22825,103,200,303,23128
CG,Mungeli,1,3,712,297,460,5956,2845,9558,11,40,51,9609
CG,Narayanpur,1,2,176,92,45,7,0,144,3,91,94,238
CG,Raigarh,1,9,1485,1769,1769,3772,6417,13727,1047,1397,2444,16171
CG,Raipur,1,4,545,898,2547,4727,3672,11844,300,59,359,12203
CG,Rajnandgaon,1,9,1686,1608,1812,9917,8845,22182,1043,241,1284,23466
CG,Sarguja,1,7,579,4557,144,911,814,6426,351,966,1317,7743
CG,Sukama,1,3,393,292,80,11,15,398,244,78,322,720
CG,Surajpur,1,6,555,8428,261,1490,2440,12619,1500,1401,2901,15520
HP,BILASPUR,1,6,1086,82,85,27,8,202,304,78,382,584
HP,CHAMBA,1,11,1598,1,0,0,0,1,600,6,606,607
HP,HAMIRPUR,1,8,1780,137,17,3,2,159,97,84,181,340
HP,KANGRA,1,30,3908,159,368,159,172,858,895,51,946,1804
HP,KINNAUR,1,6,661,0,0,0,0,0,351,0,351,351
HP,KULLU,1,7,436,0,0,1,0,1,765,9,774,775
HP,LAHAUL-SPITI,1,3,521,0,0,0,0,0,436,3,439,439
HP,MANDI,1,20,3367,18,36,11,0,65,3307,19,3326,3391
HP,SHIMLA,1,20,3347,0,0,0,0,0,852,16,868,868
HP,SIRMAUR,1,13,1001,73,498,712,184,1467,2334,105,2439,3906
HP,SOLAN,1,10,2602,55,114,847,272,1288,2055,99,2154,3442
HP,UNA,1,7,868,139,3305,364,383,4191,53,23,76,4267
JK,ANANTNAG,1,12,394,0,2,0,0,2,316,1,317,319
JK,BANDIPORA,1,7,125,0,0,0,0,0,6,67,73,73
JK,BARAMULLA,1,16,544,0,3,0,0,3,327,38,365,368
JK,BUDGAM,1,9,507,1,0,0,0,1,282,1,283,284
JK,DODA,1,16,400,0,0,0,0,0,175,0,175,175
JK,GANDERBAL,1,6,139,0,0,0,0,0,117,1,118,118
JK,JAMMU,1,21,915,267,1863,44,1,2175,22,26,48,2223
JK,KARGIL,1,7,130,0,0,0,0,0,35,0,35,35
JK,KATHUA,1,11,529,14,785,5,0,804,45,4,49,853
JK,KISHTAWAR,1,11,156,0,0,0,0,0,11,0,11,11
JK,KULGAM,1,7,271,0,0,0,0,0,197,2,199,199
JK,KUPWARA,1,14,385,0,0,0,0,0,343,4,347,347
JK,LEH,1,8,119,0,0,0,0,0,11,0,11,11
JK,POONCH,1,6,178,0,2,0,0,2,12,1,13,15
JK,PULWAMA,1,8,343,0,7,2,59,68,282,24,306,374
JK,RAJOURI,1,14,385,0,0,0,0,0,95,1,96,96
JK,RAMBAN,1,7,172,0,0,0,0,0,32,0,32,32
JK,REASI,1,9,260,0,0,0,0,0,126,0,126,126
JK,SAMBA,1,6,381,10,5183,65,10,5268,16,1,17,5285
JK,SHOPIAN,1,7,232,2,3,1,1,7,137,0,137,144
JK,SRINAGAR,1,7,137,1,1,0,0,2,52,4,56,58
JK,UDHAMPUR,1,8,394,0,0,0,0,0,167,0,167,167
MH,Ahmadager,1,14,1592,184835,9305,8292,6931,209363,2805,2822,5627,214990
MH,Akola,1,7,992,26333,3071,1128,477,31009,568,163,731,31740
MH,Amravati,1,14,1998,115337,1314,4007,399,121057,1535,655,2190,123247
MH,Aurangabad,1,9,1364,124186,4035,584,880,129685,4834,4275,9109,138794
MH,Bhandara,1,7,873,18182,1969,5055,1552,26758,2099,1156,3255,30013
MH,Bid,1,11,1369,56832,3137,59,6415,66443,1812,1375,3187,69630
MH,Buldana,1,13,1444,86281,1093,2394,1258,91026,3651,3841,7492,98518
MH,Chandrapur,1,15,1808,29140,2188,3021,662,35011,4704,3993,8697,43708
MH,Dhule,1,4,683,65172,428,1469,8059,75128,1910,189,2099,77227
MH,Gadchiroli,1,12,1679,15855,99,1952,15,17921,5464,1409,6873,24794
MH,Gondiya,1,8,950,9863,1351,2787,1261,15262,3069,662,3731,18993
MH,Hingoli,1,5,711,36997,5097,2006,1802,45902,2147,7277,9424,55326
MH,Jalgaon,1,15,1518,147637,298,2044,7292,157271,671,923,1594,158865
MH,Jalna,1,8,967,79996,3246,1802,5897,90941,2067,2515,4582,95523
MH,Kolhapur,1,12,1229,46374,2465,7968,7040,63847,403,25714,26117,89964
MH,Latur,1,10,950,39268,10598,14640,3188,67694,1712,6369,8081,75775
MH,Nagpur,1,14,1888,94196,291,286,67,94840,9358,10817,20175,115015
MH,Nanded,1,16,1607,47370,7802,271,2158,57601,4428,15376,19804,77405
MH,Nandurbar,1,6,948,30243,1205,11336,5193,47977,962,1045,2007,49984
MH,Nashik,1,15,1938,210832,1219,3596,1004,216651,7194,3738,10932,227583
MH,Osmanabad,1,8,733,61729,990,15967,17697,96383,2922,6635,9557,105940
MH,Parbhani,1,9,843,42238,3842,307,423,46810,967,3324,4291,51101
MH,Pune,1,14,1896,143591,14119,14649,10454,182813,13680,4884,18564,201377
MH,Raigath,1,15,1940,7962,133,0,4,8099,669,1631,2300,10399
MH,Ratnagiri,1,9,1548,5075,34,77,22,5208,1198,439,1637,6845
MH,Sangli,1,10,730,105314,4562,4913,20466,135255,2897,7483,10380,145635
MH,Satara,1,11,1758,89668,2453,2791,1737,96649,3625,3734,7359,104008
MH,Sindhudurg,1,8,752,9742,69,59,16,9886,975,2386,3361,13247
MH,Solapur,1,11,1157,161506,11405,16592,17903,207406,830,46457,47287,254693
MH,Thane,1,15,1760,17711,2567,213,276,20767,755,1561,2316,23083
MH,Wardha,1,8,1383,71085,97,82,69,71333,1251,1722,2973,74306
MH,Washim,1,6,789,30734,539,244,205,31722,874,4649,5523,37245
MH,Yavatmal,1,16,2146,60492,2440,788,556,64276,1062,10563,11625,75901
MP,Agar Malwa,1,4,503,25644,71,208,213,26136,179,40,219,26355
MP,Alirajpur,1,6,552,12382,70,39,45,12536,491,1215,1706,14242
MP,ANUPPUR,1,4,601,2772,72,175,73,3092,384,228,612,3704
MP,Ashoknagar,1,4,904,5801,958,6640,1850,15249,1381,519,1900,17149
MP,BALAGHAT,1,10,1418,10521,96,280,65,10962,1638,181,1819,12781
MP,BARWANI,1,7,646,30257,4094,1883,4296,40530,854,6808,7662,48192
MP,BETUL,1,10,1395,58668,2121,3628,3655,68072,1624,1941,3565,71637
MP,Bhind,1,6,962,5333,887,2380,6951,15551,7,0,7,15558
MP,BHOPAL,1,2,614,9969,4727,2716,364,17776,152,182,334,18110
MP,BURHANPUR,1,2,263,19854,194,659,1746,22453,108,96,204,22657
MP,Chhatarpur,1,8,1216,43089,12653,778,278,56798,1011,947,1958,58756
MP,Chhindwara,1,11,2009,72940,629,137,2136,75842,771,96,867,76709
MP,DAMOH,1,7,1229,17128,1930,3473,2459,24990,743,880,1623,26613
MP,Datia,1,3,668,20375,474,1004,179,22032,3,3,6,22038
MP,Dewas,1,6,1160,45327,1033,11320,8651,66331,434,574,1008,67339
MP,DHAR,1,13,1579,49406,1827,20010,23085,94328,1306,3111,4417,98745
MP,Dindori,1,7,927,779,20,9,4,812,206,443,649,1461
MP,GUNA,1,5,1375,23339,82,308,11970,35699,1433,2194,3627,39326
MP,Gwalior,1,4,717,7028,2146,5562,1323,16059,28,80,108,16167
MP,HARDA,1,3,572,13423,348,2844,597,17212,684,2861,3545,20757
MP,HOSHANGABAD,1,7,983,14282,2625,15616,1376,33899,315,1787,2102,36001
MP,Indore,1,4,680,36054,1555,10402,4393,52404,175,37,212,52616
MP,JABALPUR,1,7,1513,10858,10884,8347,863,30952,327,5268,5595,36547
MP,Jhabua,1,6,823,16483,766,98,93,17440,863,1692,2555,19995
MP,Katni,1,6,970,13027,2428,4346,613,20414,285,269,554,20968
MP,khandwa,1,7,736,61476,119,44,4173,65812,13347,944,14291,80103
MP,KHARGONE,1,9,1407,69491,676,1834,3426,75427,1869,3788,5657,81084
MP,Mandla,1,9,1247,3879,139,65,12,4095,329,344,673,4768
MP,Mandsaur,1,5,941,110593,72,55,267,110987,677,646,1323,112310
MP,Morena,1,7,820,9671,268,8145,3892,21976,18,12,30,22006
MP,Narsinghpur,1,6,1082,6065,12692,32366,568,51691,107,581,688,52379
MP,Neemuch,1,3,798,43388,242,61,807,44498,273,178,451,44949
MP,Panna,1,5,1019,5719,4375,2173,481,12748,461,1320,1781,14529
MP,Raisen,1,7,1534,12297,6741,13109,4771,36918,2344,2405,4749,41667
MP,Rajgarh,1,6,1754,87898,230,1826,583,90537,1529,1919,3448,93985
MP,Ratlam,1,6,1081,41449,456,10350,8304,60559,511,695,1206,61765
MP,REWA,1,9,2806,7902,521,7086,5561,21070,399,262,661,21731
MP,SAGAR,1,11,2105,70707,1665,3252,1113,76737,2612,2955,5567,82304
MP,Satna,1,8,2053,15609,986,15990,5297,37882,2320,531,2851,40733
MP,Sehore,1,5,1093,39142,3193,18310,7358,68003,851,6279,7130,75133
MP,Seoni,1,8,1604,26207,362,141,130,26840,2057,914,2971,29811
MP,SHAHDOL,1,5,886,4186,127,702,558,5573,527,634,1161,6734
MP,shajapur,1,4,629,31531,4444,4123,1753,41851,428,230,658,42509
MP,SHEOPUR,1,3,586,2267,398,6053,6865,15583,22,70,92,15675
MP,Shivpuri,1,8,1381,47363,439,2111,11069,60982,643,335,978,61960
MP,SIDHI,1,5,1092,6923,608,4868,325,12724,396,255,651,13375
MP,SINGRAULI,1,3,816,7865,185,527,418,8995,592,229,821,9816
MP,Tikamgarh,1,6,1003,70995,690,735,68,72488,3624,191,3815,76303
MP,Ujjain,1,6,1138,44549,11434,19522,20417,95922,968,1742,2710,98632
MP,Umaria,1,3,679,3384,197,625,165,4371,522,871,1393,5764
MP,vidisha,1,7,1627,24359,3757,12112,972,41200,2511,4070,6581,47781
UK,Almora,1,11,2235,0,0,0,0,0,4634,85,4719,4719
UK,Bageshwar,1,3,915,0,0,0,0,0,3081,57,3138,3138
UK,Chamoli,1,9,1211,0,0,0,0,0,2436,38,2474,2474
UK,Champawat,1,4,672,0,589,1,3,593,1331,24,1355,1948
UK,Dehradun,1,6,732,149,74,90,154,467,1288,24,1312,1779
UK,Haridwar,1,6,616,1,25828,215,330,26374,476,0,476,26850
UK,Nanital,1,8,1074,3,5,342,191,541,4141,102,4243,4784
UK,Pauri,1,15,3447,16,0,0,0,16,3670,126,3796,3812
UK,Pithorgarh,1,8,1625,0,0,0,0,0,4154,121,4275,4275
UK,Rudarprayag,1,3,668,0,0,0,0,0,1345,14,1359,1359
UK,Tehri,1,9,1786,0,0,0,0,0,6202,32,6234,6234
UK,Udham Singh Nagar,1,7,654,169,20645,4844,471,26129,558,59,617,26746
UK,Uttarkashi,1,6,686,0,0,0,0,0,3390,10,3400,3400
UP,AGRA,1,15,940,0,6877,7467,5072,19416,1,367,368,19784
UP,ALIGARH,1,12,1211,0,54748,4356,696,59800,0,0,0,59800
UP,ALLAHABAD,1,20,3072,2003,28058,7359,2836,40256,865,1536,2401,42657
UP,AMBEDAKAR NAGAR,1,9,1751,0,65124,500,121,65745,1,1,2,65747
UP,AMETHI,1,13,999,0,31896,971,375,33242,65,73,138,33380
UP,AMROHA,1,6,1124,0,32253,10812,1131,44196,0,0,0,44196
UP,AURAIYA,1,7,771,0,13352,2004,812,16168,0,0,0,16168
UP,AZAMGARH,1,22,4095,0,82395,831,410,83636,0,5,5,83641
UP,BAGHPAT,1,6,314,0,4568,14936,493,19997,0,0,0,19997
UP,BAHARAICH,1,14,1387,0,79288,210,203,79701,0,10,10,79711
UP,BALLIA,1,17,2329,0,45769,904,304,46977,0,0,0,46977
UP,BALRAMPUR,1,9,1012,2,56194,155,65,56416,37,162,199,56615
UP,BANDA,1,8,695,6268,3667,3621,1867,15423,490,1105,1595,17018
UP,BARABANKI,1,15,1838,0,103100,3475,387,106962,265,146,411,107373
UP,BAREILLY,1,15,2072,0,81489,412,413,82314,0,10,10,82324
UP,BASTI,1,14,3347,0,89444,1948,481,91873,0,7,7,91880
UP,BHADOHI,1,6,1220,7,5544,2735,1167,9453,0,8,8,9461
UP,BIJNOR,1,11,3025,0,75368,5622,1131,82121,20,10,30,82151
UP,BUDAUN,1,15,1699,0,44824,13807,2218,60849,0,0,0,60849
UP,BULAND SAHAR,1,16,1238,0,77517,1909,900,80326,0,0,0,80326
UP,CHANDAULI,1,9,1627,549,11478,425,226,12678,84,866,950,13628
UP,CHITRAKOOT,1,5,650,6724,3154,2396,816,13090,924,779,1703,14793
UP,DEORIA,1,16,2159,0,83855,99,438,84392,3,2,5,84397
UP,ETAH,1,8,883,0,42490,562,217,43269,0,0,0,43269
UP,ETAWAH,1,8,693,0,15542,2186,1254,18982,9,1,10,18992
UP,FAIZABAD,1,11,1267,0,66863,482,204,67549,0,0,0,67549
UP,FARRUKHABAD,1,7,998,0,25945,1269,60,27274,0,0,0,27274
UP,FATEHPUR,1,13,1515,0,11171,13802,4070,29043,0,839,839,29882
UP,FIROZABAD,1,9,822,0,8929,5243,4459,18631,0,0,0,18631
UP,GAUTAM BUDHA NAGAR,1,4,404,0,9785,9,56,9850,0,0,0,9850
UP,GHAZIABAD,1,4,214,0,8634,2498,133,11265,0,0,0,11265
UP,GHAZIPUR,1,16,3422,0,31642,4640,276,36558,1,32,33,36591
UP,GONDA,1,16,1818,0,112153,103,558,112814,26,31,57,112871
UP,GORAKHPUR,1,19,3316,0,96423,383,445,97251,0,10,10,97261
UP,HAMIRPUR,1,7,625,3808,1830,2824,983,9445,277,362,639,10084
UP,HAPUD,1,4,350,0,21482,2896,372,24750,0,0,0,24750
UP,HARDOI,1,19,2070,0,134583,676,442,135701,45,3,48,135749
UP,HATHRAS,1,7,672,0,11861,7523,756,20140,0,3,3,20143
UP,JALAUN,1,9,1151,1337,10167,1641,1097,14242,154,437,591,14833
UP,JAUNPUR,1,21,3383,0,75715,7881,601,84197,45,184,229,84426
UP,JHANSI,1,8,818,34852,4913,2270,129,42164,397,1940,2337,44501
UP,KANNAUJ,1,8,733,0,18788,3393,100,22281,0,0,0,22281
UP,KANPUR DEHAT,1,10,1031,0,30030,3364,5869,39263,12,26,38,39301
UP,KANPUR NAGAR,1,10,997,0,36452,2853,1945,41250,0,14,14,41264
UP,KASGANJ,1,7,718,0,37110,219,253,37582,0,0,0,37582
UP,KAUSHAMBI,1,8,869,205,1946,2684,4180,9015,0,0,0,9015
UP,KHERI,1,15,1793,0,141547,9589,644,151780,125,15,140,151920
UP,KUSHINAGAR,1,14,1640,0,80840,63,65,80968,4,0,4,80972
UP,LALITPUR,1,6,754,18080,13240,1037,161,32518,1560,1461,3021,35539
UP,LUCKNOW,1,8,809,0,34111,1680,261,36052,58,17,75,36127
UP,MAHARAJ GANJ,1,12,1247,0,79392,508,158,80058,1,37,38,80096
UP,MAHOBA,1,4,521,13540,6141,542,88,20311,793,1419,2212,22523
UP,MAINPURI,1,9,820,0,31081,1972,508,33561,4,10,14,33575
UP,MATHURA,1,10,749,0,27904,1665,199,29768,0,23,23,29791
UP,MAU,1,9,1613,0,31373,543,94,32010,0,0,0,32010
UP,MEERUT,1,12,669,0,33953,5989,174,40116,0,0,0,40116
UP,MIRZAPUR,1,12,1965,11410,5504,2987,1326,21227,499,280,779,22006
UP,MORADABAD,1,8,1141,0,43385,3442,754,47581,0,0,0,47581
UP,MUZZAFARNAGAR,1,9,707,0,46149,5914,3840,55903,0,0,0,55903
UP,PILIBHIT,1,7,1433,0,60782,3021,2930,66733,0,0,0,66733
UP,PRATAPGARH,1,17,2218,21,70480,2638,238,73377,16,453,469,73846
UP,RAEBARELI,1,18,1572,0,59871,8153,2503,70527,205,339,544,71071
UP,RAMPUR,1,6,1152,0,40536,1203,1410,43149,3,0,3,43152
UP,SAHARANPUR,1,11,1572,0,43098,13807,1622,58527,0,4,4,58531
UP,SAMBHAL,1,8,1038,0,29874,1480,926,32280,0,0,0,32280
UP,SANT KABIR NAGAR,1,9,1722,0,48457,427,128,49012,71,20,91,49103
UP,SHAHJAHANPUR,1,15,2331,0,86380,6389,3262,96031,0,0,0,96031
UP,SHAMLI,1,5,320,12,6082,8010,8937,23041,0,0,0,23041
UP,SHRAWASTI,1,5,536,0,41347,258,14,41619,0,20,20,41639
UP,SIDDHARTH NAGAR,1,14,2499,0,58459,504,236,59199,4,8,12,59211
UP,SITAPUR,1,19,2341,0,157630,2274,1182,161086,1,11,12,161098
UP,SONBHADRA,1,8,1445,9870,5561,1562,1002,17995,1060,1622,2682,20677
UP,SULTANPUR,1,14,1728,0,68120,2359,208,70687,14,85,99,70786
UP,UNNAO,1,16,1789,0,75727,2703,483,78913,6,0,6,78919
UP,VARANASI,1,8,1337,0,10864,3027,2875,16766,1,5,6,16772
WB,ALIPURDUAR,1,6,348,3,5283,1,23,5310,36,242,278,5588
WB,BANKURA,1,22,3834,154,11381,1274,864,13673,2067,8829,10896,24569
WB,BARDDHAMAN,1,33,2800,65,27402,3528,1339,32334,255,1968,2223,34557
WB,BIRBHUM,1,19,2498,38,10868,158,203,11267,459,10311,10770,22037
WB,DAKSHIN DINAJPUR,1,8,1646,18,24590,79,223,24910,9,507,516,25426
WB,DARJEELING,1,12,726,134,789,149,46,1118,182,184,366,1484
WB,HAORA,1,14,772,16,198,163,88,465,336,2146,2482,2947
WB,HOOGHLY,1,18,1950,98,11275,650,424,12447,48,1794,1842,14289
WB,JALPAIGURI,1,7,427,3,2403,36,230,2672,42,525,567,3239
WB,KOCH BEHAR,1,12,1170,177,31745,606,146,32674,26,692,718,33392
WB,MALDA,1,15,1814,58,16717,945,1063,18783,244,1593,1837,20620
WB,MURSHIDABAD,1,26,2291,178,54842,2148,1719,58887,292,1499,1791,60678
WB,NADIA,1,17,1405,87,80487,318,923,81815,33,511,544,82359
WB,NORTH 24 PARGANAS,1,22,1825,86,41784,1436,681,43987,440,754,1194,45181
WB,PASHCHIM MIDNAPORE,1,29,8753,1061,24650,8883,2685,37279,645,2824,3469,40748
WB,PURBA MIDNAPORE,1,25,3189,465,5045,1744,1558,8812,1217,4800,6017,14829
WB,PURULIA,1,20,2687,3049,28,14,275,3366,12758,2016,14774,18140
WB,SOUTH 24 PARGANAS,1,29,2158,21,1752,71,91,1935,1088,5366,6454,8389
WB,UTTAR DINAJPUR,1,9,1515,43,36255,230,231,36759,6,574,580,37339
