state_name,state_code,financial_year,hh_issued_jobcards_sc,hh_issued_jobcards_st,hh_issued_jobcards_others,hh_issued_jobcards_total,hh_provided_employment_sc,hh_provided_employment_st,hh_provided_employment_others,hh_provided_employment_total,women_provided_employment,persondays_sc,persondays_st,persondays_others,persondays_total,persondays_women,families_completing_100_days_sc,families_completing_100_days_st,families_completing_100_days_others,families_completing_100_days_total
ANDHRA PRADESH,0,2014-2015,2053200,716900,5512000,8282200,831800,333000,2142000,3306800,3052600,35578800,18565400,101982100,156126300,92505600,79100,55800,248000,383000
ARUNACHAL PRADESH,0,2014-2015,100,184700,16500,201300,100,129200,7700,137000,45800,1400,1748500,188500,1938400,584900,0,0,0,0
ASSAM,0,2014-2015,264100,713600,3444300,4422000,61700,176200,727000,964800,388200,1292100,3191500,16533800,21017400,5912700,700,1100,8400,10200
BIHAR,0,2014-2015,3385000,221400,9177500,12783900,252800,15500,694100,962400,440700,8718500,486600,22657700,31862900,11964500,7300,300,18500,26200
CHHATTISGARH,0,2014-2015,420800,1368500,2204100,3993400,180500,586600,981200,1748300,1603700,6012200,17817900,31757200,55587400,27722600,6000,14600,27400,48100
GOA,0,2014-2015,800,9400,22100,32200,300,1900,5100,7200,5700,5700,47800,119000,172500,129100,0,0,100,100
GUJARAT,0,2014-2015,263000,1257600,1894700,3415300,32600,227600,252800,513100,408600,1262400,7228200,9658800,18149400,7847300,1400,5400,9700,16500
HARYANA,0,2014-2015,343800,0,429000,772800,101200,0,116700,217900,139900,2704800,100,3459800,6164700,2567800,1900,0,3500,5400
HIMACHAL PRADESH,0,2014-2015,318400,71600,783500,1173500,125800,33300,293600,452700,334000,5172400,1566800,12340500,19079700,11643600,5300,1900,14400,21600
JAMMU AND KASHMIR,0,2014-2015,85200,179300,953800,1218300,17500,66300,241400,325200,106700,547700,2423900,8788800,11760400,2950000,400,1100,6100,7600
JHARKHAND,0,2014-2015,462800,1389000,1787600,3639300,138700,429900,542300,1110900,546300,6150300,16116100,23061200,45327600,14530600,13300,26300,42800,82400
KARNATAKA,0,2014-2015,935800,454000,4146400,5536200,179600,84300,829400,1093300,1406800,7094000,3576000,32627400,43297400,20288400,6800,3200,31200,41200
KERALA,0,2014-2015,394000,95000,2537100,3026100,226400,51600,1102200,1380200,1316800,10378000,2700200,45794600,58872800,54257700,18000,5700,74900,98600
LADAKH,0,2014-2015,0,0,0,0,0,0,0,0,0,0,0,0,0,0,0,0,0,0
MADHYA PRADESH,0,2014-2015,1408400,2583800,4798700,8790900,449800,931000,1412300,2793100,2594900,19134100,35214500,63137100,117485600,50770300,26300,42900,89400,158600
MAHARASHTRA,0,2014-2015,762500,1058100,5851200,7671800,116200,216800,826600,1159600,965500,6219800,11470200,43691500,61381500,26678700,17000,31300,117100,165400
MANIPUR,0,2014-2015,14500,242400,271800,528700,13800,232300,222700,468900,197100,321500,5221600,4574200,10117200,3870600,0,0,0,0
MEGHALAYA,0,2014-2015,3800,452500,29600,485800,3200,323700,24300,351100,216300,119600,15769300,843000,16731900,7115700,100,32000,500,32500
MIZORAM,0,2014-2015,0,180700,700,181500,0,189700,700,190500,122500,800,4255200,14200,4270300,1749400,0,0,0,0
NAGALAND,0,2014-2015,3600,405400,15200,424200,3200,388000,14500,405700,168700,51100,8674600,272500,8998200,2809000,0,0,0,0
ODISHA,0,2014-2015,1209200,1812800,3496300,6518300,240700,562300,664000,1467000,758800,8445800,22224300,22763400,53433500,18054700,13100,37800,30700,81600
PUNJAB,0,2014-2015,825800,200,285200,1111200,228300,0,60400,288700,195600,4956200,900,1496200,6453400,3708700,1300,0,700,2000
RAJASTHAN,0,2014-2015,1864300,1764900,6257000,9886200,763700,892100,2031100,3686800,3206200,34375500,44775100,89467000,168617700,115104400,62200,68400,150600,281300
SIKKIM,0,2014-2015,4300,31100,50500,85900,2400,22000,32300,56800,31200,101300,861700,1449400,2412500,1160700,100,1200,1900,3300
TAMIL NADU,0,2014-2015,2333100,131400,5760500,8225000,1633500,68300,3955800,5657600,5513000,77554300,2992800,187418100,267965200,228733200,97800,3200,231900,333000
TELANGANA,0,2014-2015,1423200,948000,3804500,6175700,580700,395400,1463400,2439500,2518000,25038700,18737400,59726600,103502800,63643300,42600,34700,84700,161900
TRIPURA,0,2014-2015,111700,251800,268400,631800,102500,239800,238900,581300,521400,8784000,22564900,19502700,50851600,25115900,40000,123300,80000,243400
UTTAR PRADESH,0,2014-2015,5230100,156800,10068300,15455200,1421900,34700,2438900,3895500,1235100,46770700,1063800,82632800,130467200,32320300,38600,800,68300,107600
UTTARAKHAND,0,2014-2015,221100,40200,842600,1103900,78500,13300,362800,454600,285300,2671300,381300,11639800,14692300,7443800,1900,100,5600,7600
WEST BENGAL,0,2014-2015,3384800,981200,7885300,12251300,1651600,473600,2976400,5101600,2900200,55264200,14722500,98674000,168660800,70158100,48800,12000,93200,154000
ANDAMAN AND NICOBAR,0,2014-2015,0,4300,47100,51400,0,1200,12600,13800,8000,0,46000,532400,578500,278600,0,100,1200,1300
DN HAVELI AND DD,0,2014-2015,0,3500,100,3500,0,0,0,0,0,0,0,0,0,0,0,0,0,0
LAKSHADWEEP,0,2014-2015,0,8200,100,8300,0,500,0,500,200,0,12200,300,12500,4700,0,0,0,0
PUDUCHERRY,0,2014-2015,19500,100,49800,69400,10100,0,19400,29600,27100,132600,200,244800,377600,325800,0,0,0,0
ANDHRA PRADESH,0,2015-2016,2082500,725400,5633800,8441700,905900,365900,2349400,3621200,3279600,44966400,24427300,129708800,199102400,115960600,119300,94800,373000,587100
ARUNACHAL PRADESH,0,2015-2016,200,193000,16800,210000,100,165400,15700,181300,60000,2300,4612400,431200,5046000,1596600,0,1000,1000,1900
ASSAM,0,2015-2016,277200,787300,3685800,4750300,84500,294700,1122800,1502000,787500,2562700,9116600,36927700,48607000,16332200,2800,7000,32200,42000
BIHAR,0,2015-2016,3509800,234300,9787600,13531800,357700,25400,1096500,1479500,762900,16133100,1176900,49506300,66816200,27299300,15000,1000,41500,57500
CHHATTISGARH,0,2015-2016,415500,1348800,2184900,3949200,209000,807400,1157500,2173900,2022900,8501300,43184000,49708500,101393900,49703600,16600,124100,101900,242600
GOA,0,2015-2016,800,9500,22500,32800,200,1400,4200,5900,4700,3800,26700,76800,107300,82500,0,0,0,0
GUJARAT,0,2015-2016,260900,1273100,1907600,3441700,36300,261600,258800,556700,469000,1653500,9515700,11370100,22539300,10414400,1900,6700,10600,19200
HARYANA,0,2015-2016,343200,0,416700,759900,90800,0,77900,168700,119700,2405200,200,2442600,4847900,2187800,1500,0,2100,3600
HIMACHAL PRADESH,0,2015-2016,319400,72700,788600,1180700,116700,31800,275000,423500,320400,4788400,1497200,11487700,17773300,11224700,5200,2400,12800,20400
JAMMU AND KASHMIR,0,2015-2016,86300,182400,1001800,1270400,39500,104200,494800,638400,250000,1779100,5244400,23724400,30747800,7730700,1700,5400,25900,33000
JHARKHAND,0,2015-2016,465900,1406200,1846900,3719000,133600,444800,547600,1126000,558400,7072600,22809900,28682600,58565100,19178700,21200,68600,84500,174300
KARNATAKA,0,2015-2016,952700,471800,4178200,5602800,216600,109300,909500,1235400,1422400,10053300,5435600,44336800,59825800,28188700,20700,11300,100900,132900
KERALA,0,2015-2016,415400,102500,2687400,3205300,240700,57400,1207600,1505700,1436100,13008900,3369400,57795400,74173700,67699900,30700,8400,126900,166000
LADAKH,0,2015-2016,0,0,0,0,0,0,0,0,0,0,0,0,0,0,0,0,0,0
MADHYA PRADESH,0,2015-2016,1355500,2487300,4478400,8321200,433100,973500,1295100,2701700,2295900,20017900,42519000,61188600,123725600,53381500,37500,72800,115100,225400
MAHARASHTRA,0,2015-2016,770000,1084600,6039600,7894200,121100,249000,904600,1274700,1085400,7019400,14736000,54574000,76329400,33979800,19500,42900,156000,218400
MANIPUR,0,2015-2016,15400,244800,281700,541900,14000,236200,223500,473700,188900,154900,4337900,3040400,7533300,2806700,0,0,0,0
MEGHALAYA,0,2015-2016,3800,459100,29800,492700,3000,338800,26500,368400,244000,109900,18720300,1140400,19970600,8572600,200,47600,1000,48800
MIZORAM,0,2015-2016,0,185500,1000,186500,0,189400,900,190400,105300,2700,13062300,60600,13125600,5014600,0,0,0,0
NAGALAND,0,2015-2016,3600,406800,15200,425600,3600,398700,15100,417400,204800,133900,20386300,686600,21206800,6634300,0,1500,0,1500
ODISHA,0,2015-2016,1229900,1851900,3593100,6674900,338200,738300,918000,1994500,1248400,14187400,37288500,37802100,89278000,33948800,29000,94900,72800,196800
PUNJAB,0,2015-2016,881200,200,313100,1194500,369200,100,104700,474000,329400,11077900,2600,3353300,14433800,8370500,5400,0,2100,7500
RAJASTHAN,0,2015-2016,1878200,1790700,6313500,9982400,884600,986100,2350200,4220800,3733200,50344000,57018000,126759100,234121100,161613500,111800,121100,235800,468700
SIKKIM,0,2015-2016,4200,31400,50400,85900,3000,24600,37900,65500,38100,193800,1680100,2509900,4383800,2084800,400,4000,5400,9700
TAMIL NADU,0,2015-2016,2345700,132100,6002100,8480000,1711500,80700,4261100,6053300,5886000,104260200,4468600,259945900,368674700,314121600,238300,8200,599800,846300
TELANGANA,0,2015-2016,1453800,971900,3906700,6332300,609100,419200,1547600,2576000,2634300,34399000,24115000,83607700,142121700,86667700,106300,70100,242300,418800
TRIPURA,0,2015-2016,108600,246400,260800,615800,101600,233400,235300,570300,459300,9328400,23320400,21175500,53824300,26974500,52800,137400,113800,304000
UTTAR PRADESH,0,2015-2016,5309200,161100,10492900,15963100,1945300,54800,3422100,5422200,2081200,65371700,1970400,114452900,181795000,53670900,68000,2900,114100,185000
UTTARAKHAND,0,2015-2016,225200,42800,867600,1135700,93100,21300,429900,544400,363500,3960300,936400,17498000,22394600,11585500,4100,1100,14700,19900
WEST BENGAL,0,2015-2016,3449000,996900,8169400,12615300,1995400,553800,3556300,6105500,4012400,96664800,25298600,164184800,286148300,132827700,143300,37200,228700,409200
ANDAMAN AND NICOBAR,0,2015-2016,0,4400,47400,51800,0,700,8900,9600,5900,0,17700,250000,267800,140000,0,0,200,200
DN HAVELI AND DD,0,2015-2016,0,3500,100,3500,0,0,0,0,0,0,0,0,0,0,0,0,0,0
LAKSHADWEEP,0,2015-2016,0,8000,100,8100,0,100,0,100,0,0,3200,0,3200,900,0,0,0,0
PUDUCHERRY,0,2015-2016,19400,100,49400,68900,10600,0,22100,32700,30200,186900,400,374400,561700,481700,0,0,0,0
ANDHRA PRADESH,0,2016-2017,2094600,717200,5742600,8554400,985200,390200,2615900,3991300,3512900,45924200,22759600,136824900,205508700,119697800,112300,79500,388300,580100
ARUNACHAL PRADESH,0,2016-2017,200,200000,17500,217700,200,186200,16400,202800,77900,6600,7628100,897400,8532100,2910100,0,0,0,0
ASSAM,0,2016-2017,264200,692300,3461200,4417600,83600,313200,1171000,1567800,894400,2197900,9243800,34953400,46395100,16928900,500,2800,8000,11300
BIHAR,0,2016-2017,3598100,246200,10515700,14360000,519000,40000,1711000,2270000,1225700,19649500,1469100,63711700,84830400,37057100,3800,200,10100,14100
CHHATTISGARH,0,2016-2017,390100,1263100,2038500,3691700,208200,762100,1161800,2132100,1971200,7983900,34094800,46513600,88592300,43685300,13100,78900,80900,172900
GOA,0,2016-2017,800,9600,22700,33100,200,2300,4300,6800,5300,3500,44400,78400,126300,98200,0,0,0,0
GUJARAT,0,2016-2017,238700,1298100,1850100,3386900,45000,292500,378800,716200,584900,2032000,10102600,14982900,27117600,12329100,1000,2000,5200,8300
HARYANA,0,2016-2017,372800,100,474600,847500,145900,0,135200,281100,193400,4246800,500,4244900,8492200,3873900,1100,0,1400,2500
HIMACHAL PRADESH,0,2016-2017,321000,72900,798800,1192800,147400,38200,343300,528800,400200,6563800,1887800,15208500,23660100,14621800,3200,1400,6600,11100
JAMMU AND KASHMIR,0,2016-2017,80200,174000,949500,1203800,37200,101300,462200,600700,247600,1702800,5420800,23107300,30230800,8117300,2100,6400,23800,32300
JHARKHAND,0,2016-2017,500500,1461700,2181300,4143500,206100,596500,939800,1742400,948200,8519400,22933900,39287600,70740900,25271200,4600,12000,20600,37100
KARNATAKA,0,2016-2017,896900,437500,3958100,5292500,312200,165600,1339900,1817700,2083800,15000800,8486100,67881600,91368500,43132800,28700,18400,149200,196300
KERALA,0,2016-2017,410200,102900,2710600,3223800,233000,58900,1165500,1457400,1397700,11703600,3291000,53467300,68461900,62355700,19800,6600,86800,113200
LADAKH,0,2016-2017,0,0,0,0,0,0,0,0,0,0,0,0,0,0,0,0,0,0
MADHYA PRADESH,0,2016-2017,1143400,2199400,3399000,6741800,457000,1050500,1293700,2801300,2256000,18174100,40266000,54567700,113007700,46675500,23200,46300,71400,140900
MAHARASHTRA,0,2016-2017,789200,1123000,6239700,8151900,131900,286300,1014500,1432700,1221200,6251700,14352900,50273500,70878100,31798700,13700,34400,119600,167800
MANIPUR,0,2016-2017,15500,246100,284700,546200,14800,243300,257600,515700,225100,359500,5039900,6504000,11903300,4968300,0,0,0,0
MEGHALAYA,0,2016-2017,3800,481000,31400,516200,3100,386100,25300,414600,268100,209600,26458200,1582900,28250600,12508100,400,83400,2600,86500
MIZORAM,0,2016-2017,0,186700,1100,187900,0,185600,1000,186700,83600,2800,16489300,86300,16578500,5967800,0,54200,200,54400
NAGALAND,0,2016-2017,3600,410100,15200,428900,3600,399200,15000,417800,188400,205300,27849000,977600,29031900,8613300,0,200,0,200
ODISHA,0,2016-2017,1171300,1764400,3483500,6419100,344800,707900,978400,2031100,1355700,12435700,29300000,35611600,77347300,30799200,4900,17100,13700,35700
PUNJAB,0,2016-2017,939100,300,346300,1285700,413500,100,122700,536400,382000,11933000,2500,3837800,15773300,9459400,2400,0,1100,3500
RAJASTHAN,0,2016-2017,1852500,1804100,6073200,9729800,975700,1019800,2639000,4634500,4080900,55447300,58409000,145812000,259668300,174065200,82700,119300,225200,427200
SIKKIM,0,2016-2017,3700,29700,46900,80300,3000,25500,39600,68100,39500,192600,1759900,2659200,4611600,2207400,300,3600,4500,8400
TAMIL NADU,0,2016-2017,2165400,118600,5621000,7905000,1740700,83700,4437200,6261500,6095100,113669700,4442700,281830000,399942400,342676900,387800,10000,922900,1320700
TELANGANA,0,2016-2017,1314500,873800,3596700,5785000,592100,421900,1547400,2561500,2532200,24467900,19779600,63917300,108164900,64786600,39600,36900,98000,174500
TRIPURA,0,2016-2017,107300,244900,256600,608800,102200,238000,237100,577300,448400,7642300,21189500,17228800,46060600,22593700,13000,74300,28800,116100
UTTAR PRADESH,0,2016-2017,5070200,156200,10038900,15265300,1700300,48800,3243600,4992700,2074200,52442900,1473000,103016500,156932400,52093000,13600,300,27300,41200
UTTARAKHAND,0,2016-2017,208000,40100,811700,1059800,93100,21700,429100,543900,386200,4204000,1036500,18411600,23652000,12764400,5300,1000,19200,25500
WEST BENGAL,0,2016-2017,3496800,1004700,8425400,12926900,1841000,510300,3465700,5816900,3803000,73821400,21096300,140204400,235122100,109539100,63100,19800,116300,199200
ANDAMAN AND NICOBAR,0,2016-2017,0,4000,32400,36300,0,900,11100,12000,7700,0,24300,387300,411700,229600,0,0,500,500
DN HAVELI AND DD,0,2016-2017,0,3500,100,3500,0,0,0,0,0,0,0,0,0,0,0,0,0,0
LAKSHADWEEP,0,2016-2017,0,8000,100,8100,0,0,0,0,0,0,100,0,100,0,0,0,0,0
PUDUCHERRY,0,2016-2017,19200,100,49600,68900,10800,0,20200,31000,28500,194800,400,342200,537400,461000,0,0,0,0
ANDHRA PRADESH,0,2017-2018,2096300,715500,5827400,8639200,962300,377300,2654300,3993900,3539000,46813300,22210500,143000600,212024400,126450500,121100,78300,394700,594100
ARUNACHAL PRADESH,0,2017-2018,200,201600,18000,219800,100,127200,14300,141700,54500,3900,3778600,495700,4278200,1551900,0,0,0,0
ASSAM,0,2017-2018,256900,680000,3485600,4422500,86700,295200,1302200,1684000,1054300,2173100,7344200,38550900,48068200,18508900,300,1600,9100,10900
BIHAR,0,2017-2018,3597000,251000,10822800,14670900,467800,37500,1726700,2232100,1262000,17177200,1310700,62711300,81199300,37777100,3800,200,11500,15500
CHHATTISGARH,0,2017-2018,392500,1242300,2069000,3703900,233100,811000,1282400,2326400,2122400,11587900,44414900,63926500,119929300,59611700,28000,134300,161200,323500
GOA,0,2017-2018,800,9600,22700,33100,200,2000,4300,6500,5300,4400,29100,66000,99400,78200,0,0,0,0
GUJARAT,0,2017-2018,237500,1341200,1953300,3532000,47100,377500,436600,861300,607200,2155700,14665400,18487700,35308900,14738400,900,4600,5800,11200
HARYANA,0,2017-2018,384200,100,502000,886200,138200,0,134600,272900,194700,4307200,700,4729200,9037100,4395400,1500,0,2400,3900
HIMACHAL PRADESH,0,2017-2018,324600,74000,812600,1211200,142000,36400,333000,511400,393400,6126300,1681400,14198100,22005700,13551400,3900,1500,8700,14100
JAMMU AND KASHMIR,0,2017-2018,76700,166100,942700,1185500,38600,103800,539800,682300,310300,1862000,5698700,29529800,37090400,10409700,1700,5700,28500,36000
JHARKHAND,0,2017-2018,483500,1408000,2228200,4119600,163700,437000,843900,1444500,749400,6549800,16998000,35726600,59274400,22129500,6500,17000,34000,57500
KARNATAKA,0,2017-2018,936300,461400,4130200,5527900,321900,173800,1406700,1902400,1840000,14207800,7979100,63512600,85699500,40391600,4500,2400,23100,30000
KERALA,0,2017-2018,418000,110500,2807500,3336000,208600,56600,1046500,1311700,1258900,10035600,3039300,48884600,61959400,56236200,18100,6600,92700,117400
LADAKH,0,2017-2018,0,0,0,0,0,0,0,0,0,0,0,0,0,0,0,0,0,0
MADHYA PRADESH,0,2017-2018,1136200,2184100,3381200,6701400,573200,1184700,1722100,3480000,2512400,27151600,51248900,83822500,162223000,60626500,23400,28700,82600,134700
MAHARASHTRA,0,2017-2018,798100,1159400,6390200,8347800,172300,324500,1200400,1697200,1375100,7983700,16554800,57974500,82513100,37531100,17800,42700,140900,201400
MANIPUR,0,2017-2018,15000,245800,287300,548200,14300,234900,241800,491000,232500,194600,2690900,3239500,6124900,2745200,0,0,0,0
MEGHALAYA,0,2017-2018,3900,497400,33100,534300,3000,397100,26800,426900,300700,161400,27584000,1442200,29187600,13660600,200,112400,2300,115000
MIZORAM,0,2017-2018,0,187300,1400,188800,0,187000,1300,188400,75900,2400,14173600,89700,14265700,4863100,0,0,0,0
NAGALAND,0,2017-2018,3700,411700,15500,430900,3600,390300,15200,409200,146800,211300,19089100,680600,19981000,5744900,0,100,0,100
ODISHA,0,2017-2018,1141800,1723600,3461500,6327000,399000,774600,1133100,2306700,1617900,15293000,33869200,43049100,92211200,38600000,10100,28100,29800,68100
PUNJAB,0,2017-2018,1042900,400,421500,1464900,505500,200,158100,663700,486000,16990800,6300,5313500,22310600,13979500,7000,0,2500,9500
RAJASTHAN,0,2017-2018,1820200,1809500,6122600,9752300,936000,979700,2598600,4514400,3952800,50549300,51526700,137697800,239773800,156659400,53600,37400,137000,228100
SIKKIM,0,2017-2018,3700,30000,47200,80900,2700,23900,37200,63700,35500,133000,1326600,2000800,3460500,1662800,100,1300,2000,3500
TAMIL NADU,0,2017-2018,2142500,120300,5702100,7964900,1615100,69900,4130000,5815100,5568600,70277600,2660000,165942900,238880600,204667600,52700,1200,96400,150200
TELANGANA,0,2017-2018,1183300,829600,3287800,5300800,580500,420300,1531600,2532500,2502000,26097700,20338500,68336700,114772800,70533800,47200,37800,118500,203500
TRIPURA,0,2017-2018,107100,247400,256300,610800,88900,229100,204800,522800,334200,2479900,9222800,5901100,17603700,8282900,300,3300,900,4400
UTTAR PRADESH,0,2017-2018,5074200,158300,10229200,15461700,1657500,49100,3151500,4858100,2119300,61816900,1721600,117927100,181465600,63725500,14900,600,27000,42500
UTTARAKHAND,0,2017-2018,202200,39200,800700,1042200,86100,20400,402700,509200,366700,3875200,973800,17430400,22279400,12132100,4200,1300,16200,21700
WEST BENGAL,0,2017-2018,3322100,957600,7905800,12185500,1659200,482900,3098700,5240700,3737200,100467700,27927000,184086200,312480900,148916900,182200,52000,323200,557400
ANDAMAN AND NICOBAR,0,2017-2018,0,3900,31400,35300,0,400,6800,7200,4700,0,9000,181400,190400,113500,0,0,0,0
DN HAVELI AND DD,0,2017-2018,0,3500,100,3500,0,0,0,0,0,0,0,0,0,0,0,0,0,0
LAKSHADWEEP,0,2017-2018,0,7900,100,8000,0,100,0,100,0,0,5900,0,5900,1200,0,0,0,0
PUDUCHERRY,0,2017-2018,18000,100,45700,63800,11500,100,26100,37700,35300,240800,1000,484500,726200,627000,0,0,0,0
ANDHRA PRADESH,0,2018-2019,2122700,719400,5972200,8814200,994700,388200,2844900,4227800,3776300,52899800,25028700,168635400,246563900,147700200,162500,111800,593200,867400
ARUNACHAL PRADESH,0,2018-2019,200,209400,19200,228800,100,143800,16000,159900,66700,6200,6217500,641300,6865100,2656200,0,300,0,300
ASSAM,0,2018-2019,263600,716600,3670000,4650300,93800,335200,1312000,1741000,1042900,2735200,10678800,39832800,53246800,21876000,700,4700,13000,18400
BIHAR,0,2018-2019,3673600,263400,11766600,15703600,553000,44100,2307900,2904900,1718900,24302100,1903400,96397200,122602700,63415300,6400,300,17800,24500
CHHATTISGARH,0,2018-2019,401700,1264500,2134600,3800800,249500,827100,1365800,2442500,2280600,13387400,50878400,74335800,138601600,69371700,36000,178400,214000,428400
GOA,0,2018-2019,800,9700,22900,33400,0,400,700,1100,800,400,4900,9600,15000,10600,0,0,0,0
GUJARAT,0,2018-2019,242000,1418100,2066200,3726400,49000,385800,476400,911300,691700,2483900,16325300,23150900,41960000,18684500,2800,5900,25300,34100
HARYANA,0,2018-2019,396000,100,532600,928700,115100,0,115900,231000,168800,3550700,1000,4237900,7789700,3898700,1700,0,2100,3800
HIMACHAL PRADESH,0,2018-2019,330800,76300,836900,1244100,152800,40800,360000,553600,436800,7837400,2429300,18253200,28519900,18042300,19100,8600,42700,70300
JAMMU AND KASHMIR,0,2018-2019,76600,170900,974700,1222200,29700,100300,521000,651000,318600,1329400,5573800,29912000,36815200,11037300,1200,4600,31800,37600
JHARKHAND,0,2018-2019,507900,1458600,2431100,4397600,148000,357000,767600,1272600,659500,6033500,14399000,33227000,53659400,21042800,2800,7600,15600,26000
KARNATAKA,0,2018-2019,999400,497900,4463500,5960800,340600,192500,1575100,2108200,1909800,16154600,10035700,78301500,104491700,50770600,31100,23400,156900,211400
KERALA,0,2018-2019,432300,121500,2958400,3512100,224300,68400,1185700,1478400,1423500,15545900,5407600,76572300,97525800,88170100,69400,22900,349200,441500
LADAKH,0,2018-2019,0,0,0,0,0,0,0,0,0,0,0,0,0,0,0,0,0,0
MADHYA PRADESH,0,2018-2019,1159100,2239500,3580100,6978700,631200,1358100,1928000,3917300,2722100,33003600,69642900,100236600,202883200,74135200,10400,33700,32700,76700
MAHARASHTRA,0,2018-2019,805900,1176300,6455500,8437700,199900,341500,1251300,1792800,1450300,8918500,16887100,58781500,84587100,37952100,17700,40600,134100,192400
MANIPUR,0,2018-2019,15300,245200,306400,566900,14600,231700,266700,513000,265200,371400,4683800,6683900,11739100,5566000,0,0,0,0
MEGHALAYA,0,2018-2019,3900,519700,40500,564100,3100,437100,35200,475400,358900,185600,31752700,2276900,34215200,17160600,400,154800,5800,160900
MIZORAM,0,2018-2019,0,190100,1200,191300,0,192000,1200,193300,77600,3200,17758900,103300,17865400,6816100,0,79200,300,79600
NAGALAND,0,2018-2019,3700,413800,16100,433700,3200,370200,12300,385700,136900,105100,12661900,502100,13269100,4187300,0,0,0,0
ODISHA,0,2018-2019,1155600,1760500,3560400,6476400,359100,711100,1077700,2147900,1456900,13360900,29458600,40168900,82988400,34847900,6700,21300,19200,47200
PUNJAB,0,2018-2019,1103700,600,486100,1590300,499300,200,175400,674900,491100,15002800,6800,5437700,20447400,12417900,4900,0,1900,6800
RAJASTHAN,0,2018-2019,1962400,1902700,6261800,10126900,1095700,1141000,2928000,5164700,4552300,62943900,65682200,165619400,294245600,194415100,134300,109000,344900,588300
SIKKIM,0,2018-2019,3800,30500,48000,82200,2600,23200,35900,61800,35500,142000,1243000,1970300,3355300,1708700,200,1700,2800,4700
TAMIL NADU,0,2018-2019,2159900,123900,5889500,8173200,1505100,75300,4011900,5592300,5329400,69084000,3618200,184994200,257696500,220065400,66600,700,192400,259700
TELANGANA,0,2018-2019,1208700,850200,3384800,5443700,569200,420900,1533400,2523500,2484900,26358500,20440600,70930100,117729200,73929900,51900,40000,135300,227200
TRIPURA,0,2018-2019,108600,253700,263000,625300,95000,236600,217700,549400,348500,3970300,12545500,8792900,25308700,11690400,1000,11200,2800,15000
UTTAR PRADESH,0,2018-2019,5236500,161200,10787700,16185400,1623300,49200,3371100,5043600,2205800,66631000,2021200,143440800,212092900,74836600,23100,1000,47900,72000
UTTARAKHAND,0,2018-2019,202900,39500,822000,1064300,81000,18500,388900,488400,356200,3753600,850700,17541100,22145400,12209200,4800,1200,20000,26000
WEST BENGAL,0,2018-2019,3347400,961600,8077200,12386200,1396200,408900,2584000,4389100,3472100,108229400,29844000,199499400,337572700,162649400,433300,107900,789600,1330800
ANDAMAN AND NICOBAR,0,2018-2019,0,4000,30700,34700,0,0,6100,6100,4300,0,0,193900,193900,123300,0,0,200,200
DN HAVELI AND DD,0,2018-2019,0,3500,100,3500,0,0,0,0,0,0,0,0,0,0,0,0,0,0
LAKSHADWEEP,0,2018-2019,0,7900,100,8000,0,200,0,300,100,0,9900,300,10200,3800,0,0,0,0
PUDUCHERRY,0,2018-2019,18500,100,47400,66100,10400,0,22700,33200,31200,232100,800,431600,664500,582400,0,0,0,0
ANDHRA PRADESH,0,2019-2020,2151300,730500,6094000,8975900,952100,379300,2706000,4037400,3583400,42322700,22768200,135134300,200225200,120270800,101600,90600,389700,581800
ARUNACHAL PRADESH,0,2019-2020,0,227300,16400,243700,0,161900,14900,176800,73600,1200,7833700,764600,8599400,3480000,0,400,0,400
ASSAM,0,2019-2020,280600,751900,3971400,5003900,102100,339500,1486900,1928400,1207500,3080200,11057000,48168700,62305900,26027400,1200,6500,22300,30000
BIHAR,0,2019-2020,3736400,273100,13018400,17027900,504100,46600,2796900,3347600,2094100,22041200,2006000,116633400,140680600,78536300,3800,300,16200,20300
CHHATTISGARH,0,2019-2020,414400,1286000,2203900,3904400,240000,847400,1358000,2445400,2285900,12001700,52745600,71427400,136174700,69043500,31500,189300,197400,418200
GOA,0,2019-2020,800,9800,23000,33700,100,600,1100,1700,1400,1000,12300,20700,34000,25700,0,0,0,0
GUJARAT,0,2019-2020,246000,1501100,2185700,3932800,41100,352800,425100,818900,613000,1871900,14324600,19172600,35369000,15961700,800,4000,8300,13200
HARYANA,0,2019-2020,409000,0,582900,991900,120900,0,136900,257800,189000,3843300,0,5276000,9119300,4613900,1900,0,2900,4800
HIMACHAL PRADESH,0,2019-2020,338700,79000,863500,1281200,145400,42200,347700,535400,428300,7000700,2582200,16335800,25918800,16263200,15900,9600,35700,61200
JAMMU AND KASHMIR,0,2019-2020,79600,178200,1010100,1267900,34200,110900,487800,632900,308100,1531800,6236900,23572000,31340800,10319700,700,2600,9600,12900
JHARKHAND,0,2019-2020,539400,1538200,2720200,4797800,155500,361700,867600,1384800,745000,6844400,16178600,41171800,64194800,26520500,3200,9400,18300,31000
KARNATAKA,0,2019-2020,1153000,574500,4640200,6367800,381300,223800,1632600,2237800,2015200,18233800,11632100,81997600,111863400,54949500,28000,19700,139600,187300
KERALA,0,2019-2020,440600,125500,3073100,3639200,215500,71600,1152000,1439100,1382400,12447200,5527700,62254800,80229700,72047800,39100,21700,190300,251100
LADAKH,0,2019-2020,0,35700,100,35700,0,31000,100,31100,22200,100,1898300,4800,1903200,1154200,0,600,0,600
MADHYA PRADESH,0,2019-2020,1213300,2379700,3934600,7527600,528500,1248100,1842700,3619300,2563800,27970900,64255300,100686600,192912800,73532200,11200,39500,39900,90600
MAHARASHTRA,0,2019-2020,836700,1214400,6675300,8726500,181100,327100,1028900,1537200,1218600,6935100,13173800,42849900,62958800,27332900,11600,25400,87400,124300
MANIPUR,0,2019-2020,15300,249600,307300,572200,14700,235200,291500,541400,284400,682400,9468800,13256000,23407200,11466300,0,0,800,900
MEGHALAYA,0,2019-2020,4000,543100,43300,590500,3500,461900,40100,505600,378400,205100,34266400,2550700,37022300,18701200,600,171300,8700,180500
MIZORAM,0,2019-2020,0,199400,1200,200600,0,201700,1200,203000,108700,3700,19094300,110300,19208200,9768800,0,156000,1000,157000
NAGALAND,0,2019-2020,100,416600,19700,436300,0,372900,17500,390400,156500,1700,13165400,681200,13848300,4933900,0,0,0,0
ODISHA,0,2019-2020,1194200,1895500,3769200,6858900,369300,809000,1146900,2325300,1654500,17169700,39790800,54428700,111389100,48234200,23700,53400,83600,160700
PUNJAB,0,2019-2020,1160400,700,566400,1727600,530900,400,222200,753400,536900,16223700,11800,7289900,23525400,13830500,5300,0,2400,7700
RAJASTHAN,0,2019-2020,2163600,1999600,6404900,10568000,1251900,1236000,3086500,5574400,4911500,75108000,72716800,180817700,328642400,221259500,204000,181500,463200,848700
SIKKIM,0,2019-2020,4400,33900,45400,83800,2900,24100,30900,57800,33700,135700,1275400,1535700,2946800,1504900,100,1600,1800,3600
TAMIL NADU,0,2019-2020,2450900,142900,5859300,8453100,1678200,76800,3893600,5648600,5366800,75285600,3195700,170028800,248510100,214475000,37500,1000,82200,120700
TELANGANA,0,2019-2020,1229500,871800,3468000,5569300,548500,429300,1501400,2479200,2365600,23623500,19263300,64227300,107114100,65878000,39800,33800,102100,175700
TRIPURA,0,2019-2020,109100,257900,264800,631800,98100,240200,227600,566000,375400,5295000,17302400,11804700,34402100,16180900,3800,42800,8700,55400
UTTAR PRADESH,0,2019-2020,5506700,168500,11563100,17238200,1652400,53300,3606300,5312000,2258100,74360300,2327400,167667300,244354900,83764600,43000,1600,88400,133000
UTTARAKHAND,0,2019-2020,209300,41400,842800,1093400,83700,18900,401300,503900,377700,3522400,677900,16409800,20610200,11670700,3900,700,17300,21900
WEST BENGAL,0,2019-2020,3435700,992800,8533900,12962400,1706300,527400,3223600,5457300,3688100,82927100,26730200,162623800,272281200,130511600,109900,39200,216500,365700
ANDAMAN AND NICOBAR,0,2019-2020,0,4000,29400,33400,0,0,5800,5800,4000,0,800,219800,220600,131100,0,0,300,300
DN HAVELI AND DD,0,2019-2020,0,3500,100,3500,0,0,0,0,0,0,0,0,0,0,0,0,0,0
LAKSHADWEEP,0,2019-2020,0,7900,100,8000,0,100,0,100,0,0,4200,100,4300,500,0,0,0,0
PUDUCHERRY,0,2019-2020,19200,100,49400,68700,12000,100,27600,39600,37200,243300,1100,520800,765100,664000,0,0,0,0
ANDHRA PRADESH,0,2020-2021,2258300,761300,6470300,9489900,1157200,418000,3178200,4753400,4250600,58450100,27885000,172320800,258655800,148052300,172000,129100,561900,863100
ARUNACHAL PRADESH,0,2020-2021,0,251000,15700,266800,0,211400,14400,225800,102600,800,11808700,1004400,12813900,5296200,0,3500,700,4200
ASSAM,0,2020-2021,299000,822000,4435600,5556600,123700,378100,2008400,2510200,1648400,4027800,13218000,73907200,91153100,40184500,2800,9300,59100,71300
BIHAR,0,2020-2021,3900500,299200,15034300,19233900,620300,61600,4383000,5065000,3032400,25767900,2682900,197675100,226125900,123527600,5500,500,28700,34800
CHHATTISGARH,0,2020-2021,438700,1327100,2358900,4124700,313000,995800,1751600,3060400,3010700,16951000,67241200,99897700,184089800,92960000,50100,261200,300600,612000
GOA,0,2020-2021,800,10100,23400,34300,100,1900,2100,4200,3200,4700,49500,55400,109600,83900,0,0,0,0
GUJARAT,0,2020-2021,256600,1609500,2364900,4230900,59700,478600,595900,1134200,910500,2692900,19381600,26154200,48228700,22433300,1200,6500,9600,17200
HARYANA,0,2020-2021,453100,0,712500,1165600,196600,0,260400,457000,326900,6563200,0,11398600,17961800,8765200,4800,0,9300,14100
HIMACHAL PRADESH,0,2020-2021,354300,83200,924900,1362400,166700,47800,422100,636600,513500,8758000,3033200,21828000,33619200,20525700,22600,11700,54900,89200
JAMMU AND KASHMIR,0,2020-2021,81800,148900,1037600,1268200,38700,92900,617600,749300,380100,1866700,5170200,33664100,40701000,12890800,1100,2500,19100,22700
JHARKHAND,0,2020-2021,622400,1767700,3552100,5942100,241200,642800,1653500,2537600,1419900,10842400,29283300,77482100,117607800,50056600,10200,35600,68600,114400
KARNATAKA,0,2020-2021,1283500,639500,5207500,7130500,539600,301900,2173900,3015400,2790300,25439000,15576300,107011700,148027000,73230100,38800,32300,168500,239500
KERALA,0,2020-2021,514900,127000,3246500,3888500,283100,74000,1260400,1617400,1558600,18835300,6690300,76774000,102299700,92570400,87300,31900,351200,470400
LADAKH,0,2020-2021,0,36500,0,36500,0,32400,0,32400,23100,100,2129200,300,2129600,1308900,0,1300,0,1300
MADHYA PRADESH,0,2020-2021,1259200,2566200,4440900,8266300,768000,1858700,2900700,5527400,4505500,45365900,114105800,182344300,341816000,138416300,35800,140700,146000,322500
MAHARASHTRA,0,2020-2021,869100,1311800,7111600,9292500,156400,397800,1130100,1684200,1383600,5888700,19404500,42642000,67935200,29162000,10900,45200,80700,136800
MANIPUR,0,2020-2021,15500,253800,315500,584800,15000,235400,296900,547200,307900,893300,13711300,18447400,33051900,17195400,0,100,4200,4400
MEGHALAYA,0,2020-2021,4000,567300,44800,616100,3500,492900,40000,536400,403900,195100,35829600,2345200,38369800,19710200,400,170200,3800,174400
MIZORAM,0,2020-2021,0,206000,1500,207600,0,212100,1600,213700,130200,3600,19730000,130800,19864500,11287600,0,177400,1000,178400
NAGALAND,0,2020-2021,0,427100,20400,447600,0,374200,18000,392300,156500,2100,17101100,908200,18011500,6540000,0,0,0,0
ODISHA,0,2020-2021,1253100,2068800,4203100,7525000,550000,1214700,1983800,3748500,2837500,29263700,74382100,104428700,208074500,93101800,56800,172500,188100,417400
PUNJAB,0,2020-2021,1280100,1000,727100,2008300,636400,500,316300,953300,678800,24527000,22400,13125900,37675300,21443200,19000,0,8800,27800
RAJASTHAN,0,2020-2021,2307600,2153600,6954500,11415800,1620700,1592900,4328900,7542500,6513500,100413500,100191700,259929500,460534600,302479300,292200,248700,690500,1231400
SIKKIM,0,2020-2021,4800,35700,46000,86500,3400,27200,34200,64800,38700,191300,1595900,1946600,3733900,1910600,200,2900,3200,6300
TAMIL NADU,0,2020-2021,2537200,152500,6236900,8926600,1936400,101800,4611200,6649400,6365200,99182400,4761200,230002300,333945800,285084200,53000,1600,124100,178700
TELANGANA,0,2020-2021,1211800,929200,3439600,5580600,692000,572500,1846400,3110900,3010400,35643200,32041600,90268300,157953200,91706500,80500,81100,180600,342100
TRIPURA,0,2020-2021,110700,264600,270000,645300,100700,246700,238200,585600,402700,6695900,21453000,15573500,43722400,20821100,11600,80100,24200,115900
UTTAR PRADESH,0,2020-2021,6121800,188800,13851200,20161900,2908500,91700,6396700,9397000,3987900,122604500,3907000,266661400,393172900,131980400,249800,7600,519300,776700
UTTARAKHAND,0,2020-2021,216900,42900,919900,1179800,104000,24300,525700,654000,501100,4908700,1083400,24368200,30360200,16739500,8200,2100,37500,47800
WEST BENGAL,0,2020-2021,3565000,1027000,9314500,13906600,2260800,654000,5050200,7965000,5266300,116008800,34742100,263265800,414016700,187152200,196500,65400,416700,678600
ANDAMAN AND NICOBAR,0,2020-2021,0,4200,28800,33100,0,400,7400,7700,5100,0,14900,246000,260900,142600,0,0,300,300
DN HAVELI AND DD,0,2020-2021,0,3500,100,3500,0,0,0,0,0,0,0,0,0,0,0,0,0,0
LAKSHADWEEP,0,2020-2021,0,7900,100,8000,0,100,0,100,0,0,2200,100,2300,300,0,0,0,0
PUDUCHERRY,0,2020-2021,20200,100,52600,73000,14600,100,33200,47900,45600,344600,1900,710800,1057300,918000,0,0,0,0
ANDHRA PRADESH,0,2021-2022,2256900,750300,6479700,9486900,1137100,411900,3125200,4674200,4184900,56860000,24478100,160148600,241486700,139600600,109100,70200,289300,468600
ARUNACHAL PRADESH,0,2021-2022,0,275100,16200,291300,0,243900,15500,259400,125100,500,14727500,1143000,15871000,7098900,0,6200,700,6900
ASSAM,0,2021-2022,315700,884500,4862200,6062300,126400,439300,2170000,2735700,1933300,3891500,14785000,72908500,91585100,43564500,2200,7000,42700,52000
BIHAR,0,2021-2022,3698000,304100,16266900,20269000,583600,65500,4126800,4775800,2846800,21722300,2452800,156099700,180274800,95882100,3500,300,18000,21800
CHHATTISGARH,0,2021-2022,434400,1336400,2349400,4120200,282800,955600,1615700,2854100,2814800,14823500,64678100,89724800,169226500,87347700,42900,248300,264300,555500
GOA,0,2021-2022,800,10300,23700,34900,100,1200,2000,3300,2700,3900,26700,64200,94900,74400,0,0,0,0
GUJARAT,0,2021-2022,264200,1694000,2535400,4493600,58700,503400,581400,1143500,871300,3041600,24229100,29530000,56800700,26478200,2300,17200,19200,38700
HARYANA,0,2021-2022,477100,0,755300,1232500,183700,0,220000,403700,302000,6246700,0,8392600,14639400,7710000,4800,0,6200,11000
HIMACHAL PRADESH,0,2021-2022,367300,86300,977600,1431100,184600,48600,473600,706800,583700,9661300,2708200,24724400,37093900,23195500,20700,7500,52300,80500
JAMMU AND KASHMIR,0,2021-2022,85600,158000,1094400,1338100,36300,91500,596800,724500,378100,1857000,5177100,33583500,40617500,13541600,1300,1900,20500,23600
JHARKHAND,0,2021-2022,631000,1798400,3674300,6103700,243800,607900,1649500,2501200,1433100,10513300,26884400,75822500,113220200,51637400,7800,29000,51700,88500
KARNATAKA,0,2021-2022,1354200,680000,5560600,7594800,587500,341300,2456300,3385100,3148200,27098400,17144200,118967700,163210300,81817100,26600,19600,130100,176200
KERALA,0,2021-2022,533300,130300,3432600,4096200,287300,77900,1280000,1645200,1564800,19399900,6716000,79850100,105966000,94958800,89500,31600,391700,512800
LADAKH,0,2021-2022,0,37300,0,37300,0,32200,0,32200,22800,0,1927000,200,1927200,1199300,0,1400,0,1400
MADHYA PRADESH,0,2021-2022,1242000,2465500,4453800,8161300,688100,1719100,2766900,5174100,4139700,38806100,98367400,162680800,299854200,123090500,22800,89400,92900,205100
MAHARASHTRA,0,2021-2022,951100,1487500,8230200,10668800,183400,385100,1467100,2035700,1628000,6740600,20427500,55363400,82531400,36038400,12200,55800,106100,174100
MANIPUR,0,2021-2022,15600,257200,321300,594100,14900,241000,300700,556600,309100,835500,12451300,17044600,30331400,15947800,100,0,1700,1900
MEGHALAYA,0,2021-2022,4100,585700,46300,636100,3600,488000,42300,534000,395100,269600,35699200,3394200,39363000,19921200,1000,183300,17000,201400
MIZORAM,0,2021-2022,0,207200,1500,208800,0,210500,1600,212100,103100,3400,19926000,147200,20076500,9586700,0,66800,500,67400
NAGALAND,0,2021-2022,0,449100,7000,456200,0,407400,6900,414400,186100,600,18980400,277300,19258200,7347400,0,0,0,0
ODISHA,0,2021-2022,1219200,2044700,4217400,7481300,491900,1133400,1849700,3475000,2585400,27157100,69748000,100857600,197762700,91250700,62400,170300,225000,457700
PUNJAB,0,2021-2022,1289500,700,731500,2021700,600700,500,273800,875000,645700,22243600,18300,10881200,33143100,20026700,16500,0,7600,24100
RAJASTHAN,0,2021-2022,2348000,2222100,7113900,11683900,1502400,1530200,4047500,7080100,6113300,88832800,92758100,242675600,424266600,282899100,208300,199000,584500,991700
SIKKIM,0,2021-2022,4700,35800,46400,87000,3200,26500,33700,63500,38100,175500,1431600,1826900,3434000,1807900,200,2200,2800,5100
TAMIL NADU,0,2021-2022,2549700,156900,6431400,9138100,1938500,106700,4740600,6785800,6496400,99638100,5159100,240928700,345725900,296280200,63100,2300,158600,223900
TELANGANA,0,2021-2022,1236800,953400,3512400,5702600,642500,538700,1716900,2898100,2743300,32198300,30120000,83474400,145792700,86287400,75900,81700,171000,328500
TRIPURA,0,2021-2022,112500,273200,276700,662400,100100,254500,238600,593100,413100,6392200,21189800,15035600,42617600,20258100,10500,75800,22900,109200
UTTAR PRADESH,0,2021-2022,6442400,201300,15674600,22318300,2374600,81500,5305600,7761600,3447600,100787900,3687600,221117900,325593400,121275400,183600,7900,393000,584500
UTTARAKHAND,0,2021-2022,208300,44000,931500,1183900,91800,20900,460600,573300,445500,3999000,972200,19346800,24318100,13498100,5400,1800,23700,30900
WEST BENGAL,0,2021-2022,3785700,1087800,10772600,15646100,2039700,610200,4947600,7597500,5113300,92568100,28803000,242855300,364226500,170261700,116200,45500,309500,471100
ANDAMAN AND NICOBAR,0,2021-2022,0,4100,29500,33600,0,300,4500,4800,3200,0,8200,105300,113500,61400,0,0,0,0
DN HAVELI AND DD,0,2021-2022,0,3500,100,3500,0,0,0,0,0,0,0,0,0,0,0,0,0,0
LAKSHADWEEP,0,2021-2022,0,7900,100,8000,0,0,0,0,0,0,700,0,700,0,0,0,0,0
PUDUCHERRY,0,2021-2022,20600,200,54400,75100,11400,100,26900,38400,35900,181300,1300,432100,614700,538400,0,0,0,0
ANDHRA PRADESH,0,2022-2023,1597600,553300,4674100,6825000,1109200,410100,3063500,4582800,4192800,55649700,23969000,159923800,239542500,144951500,51500,43700,164500,259700
ARUNACHAL PRADESH,0,2022-2023,100,295400,16700,312100,0,255200,15900,271200,132700,1700,14169000,958700,15129400,6941900,0,5500,200,5700
ASSAM,0,2022-2023,331700,926700,5209600,6468000,104800,347600,1848700,2301000,1696900,3344900,11216900,64238600,78800500,37446600,900,4300,16300,21500
BIHAR,0,2022-2023,2605600,243000,11673200,14521900,811900,84700,4117700,5014400,3101600,41276400,4170100,191008800,236455200,133340900,8100,800,30800,39700
CHHATTISGARH,0,2022-2023,422000,1303900,2273900,3999800,241600,886700,1445900,2574100,2469100,11370200,50721600,70417200,132509000,70505700,27600,153800,169800,351300
GOA,0,2022-2023,800,10600,24100,35500,0,1600,2100,3700,3000,900,43000,50100,94000,73700,0,0,0,100
GUJARAT,0,2022-2023,258700,1715700,2543900,4518400,49200,472500,507800,1029500,791400,2356900,20280600,24003000,46640500,22299300,1100,6100,9800,17000
HARYANA,0,2022-2023,489800,0,770500,1260300,166100,0,141800,308000,253400,5077300,0,4573300,9650600,5750600,1800,0,1700,3400
HIMACHAL PRADESH,0,2022-2023,371800,87100,994900,1453800,169400,46400,430900,646800,534300,8115300,2409000,20264500,30788800,19956600,13600,4300,32800,50800
JAMMU AND KASHMIR,0,2022-2023,86800,158200,1125300,1370400,32500,84400,589700,706600,329300,1166800,3485300,26224600,30876600,9472800,200,600,9100,9900
JHARKHAND,0,2022-2023,585500,1643500,3565700,5794600,208600,502900,1353200,2064600,1194700,9020200,21528500,60941600,91490300,43514400,6200,21600,45700,73600
KARNATAKA,0,2022-2023,1452100,728500,5634200,7814800,530100,327700,2101000,2958900,2697000,21709600,14999800,89115700,125825200,65342900,5300,4400,21900,31700
KERALA,0,2022-2023,539000,127100,3436100,4102200,277200,77800,1196200,1551300,1468000,17840300,6666600,72070800,96577600,86744800,79500,30400,339700,449600
LADAKH,0,2022-2023,0,37300,0,37300,0,33800,0,33800,23900,0,1955600,0,1955600,1209000,0,1200,0,1200
MADHYA PRADESH,0,2022-2023,1269900,2520600,4648300,8438800,624300,1471900,2421400,4517600,3300600,31612900,72448600,121938000,225999500,94472600,10200,44300,40200,94700
MAHARASHTRA,0,2022-2023,977500,1544600,8627900,11150000,186000,373500,1561200,2120800,1650700,6306500,15875400,56616800,78798700,35255600,9800,34600,94400,138800
MANIPUR,0,2022-2023,15700,258800,323700,598100,8800,197500,153100,359500,200000,151100,5116100,2194600,7461900,3796400,0,0,0,100
MEGHALAYA,0,2022-2023,4200,602500,50700,657500,3100,445000,31200,479300,352800,144700,27497100,1280500,28922300,14902400,100,65400,1300,66800
MIZORAM,0,2022-2023,0,212500,2000,214500,0,214100,2000,216100,106400,3400,20056500,173100,20233100,9740300,0,98000,1000,99100
NAGALAND,0,2022-2023,0,458600,6100,464700,0,415700,5100,420700,214700,0,19489200,193600,19682800,8446000,0,100,0,100
ODISHA,0,2022-2023,936900,1680900,3264300,5882100,482800,1081900,1772900,3337600,2466200,26180300,64802700,94289700,185272700,88863300,58700,161000,197900,417600
PUNJAB,0,2022-2023,1179400,500,619300,1799100,609300,200,236400,845900,658000,23070900,8200,9039200,32118300,21387600,9500,0,4000,13500
RAJASTHAN,0,2022-2023,2288600,2180000,6910000,11378700,1366500,1410500,3568600,6345700,5512200,76391200,78214200,202540100,357145600,243722600,102800,72100,278600,453500
SIKKIM,0,2022-2023,4800,35900,47000,87600,3200,24600,32300,60100,37200,170000,1269400,1807300,3246700,1770900,200,1700,2600,4500
TAMIL NADU,0,2022-2023,2519900,158000,6521000,9198800,1840800,100600,4625200,6566600,6260000,94764200,4720300,235170700,334655200,289191400,113900,4500,271900,390300
TELANGANA,0,2022-2023,1141600,877300,3251400,5270400,594700,519200,1620800,2734700,2602300,26625000,24537100,70705300,121867300,75005300,7800,8600,17500,33900
TRIPURA,0,2022-2023,114000,282000,282800,678800,94100,245300,218900,558300,405200,5177900,16603100,11674300,33455300,16211900,3100,39400,7200,49800
UTTAR PRADESH,0,2022-2023,5484300,158900,12160900,17804100,2241100,71800,4700200,7013100,3237000,98892200,2836500,209795800,311524500,117979300,160400,4800,331100,496300
UTTARAKHAND,0,2022-2023,172800,41200,831500,1045600,81800,18100,401200,501200,389600,3493900,919000,16235300,20648200,11719400,3900,1700,15300,21000
WEST BENGAL,0,2022-2023,3480300,959400,9391000,13830700,388700,136900,1103900,1629400,983100,7855300,2818200,27201800,37875200,18166700,300,200,1100,1600
ANDAMAN AND NICOBAR,0,2022-2023,0,4200,29900,34100,0,500,4100,4700,3100,0,18100,110600,128700,76100,0,0,100,100
DN HAVELI AND DD,0,2022-2023,0,4200,100,4300,0,0,0,0,0,0,0,0,0,0,0,0,0,0
LAKSHADWEEP,0,2022-2023,0,8000,100,8100,0,100,0,100,0,0,4500,0,4500,1200,0,0,0,0
PUDUCHERRY,0,2022-2023,20100,200,51900,72100,12400,100,29800,42300,39700,250400,2100,577100,829600,726000,0,0,0,0
ANDHRA PRADESH,0,2023-2024,1552700,549900,4668700,6771300,1141000,441000,3073000,4654900,4193300,57243700,29033600,169219700,255497000,154725500,137500,112200,437700,687400
ARUNACHAL PRADESH,0,2023-2024,100,305600,16900,322500,100,253900,15900,269900,133200,2700,15173600,961400,16137700,7717700,0,5100,0,5200
ASSAM,0,2023-2024,322700,918900,5059100,6300800,123100,361500,1766600,2251100,1706600,5406700,15132600,67229000,87768300,44393800,1300,3300,15100,19700
BIHAR,0,2023-2024,2580600,241900,10749200,13571700,971400,98100,3758400,4827900,2901500,41873100,4338200,174892300,221103500,120000000,6000,500,27200,33800
CHHATTISGARH,0,2023-2024,404100,1250600,2179600,3834300,239400,830200,1407400,2477100,2335100,11649300,46619900,69401300,127670500,69044400,29300,142500,171300,343200
GOA,0,2023-2024,800,10700,24300,35800,0,1000,1100,2100,1600,200,21300,21500,43000,31000,0,0,0,0
GUJARAT,0,2023-2024,243800,1711900,2325400,4281000,49900,472800,475400,998200,729000,2614400,23293100,23651700,49559200,23281600,1100,11000,11600,23700
HARYANA,0,2023-2024,511000,0,808500,1319500,192100,0,174500,366600,305800,6381500,0,5941200,12322700,7521900,1300,0,1300,2600
HIMACHAL PRADESH,0,2023-2024,374900,87800,1005500,1468200,177700,45300,451000,674000,567000,9199200,2456100,22776200,34431500,22059100,21100,5200,50200,76600
JAMMU AND KASHMIR,0,2023-2024,84900,150700,1096000,1331500,30200,76000,580300,686400,347900,1422200,3992100,32091700,37506000,12062300,300,500,7600,8400
JHARKHAND,0,2023-2024,590000,1703400,3669500,5962900,202700,536300,1445800,2184800,1232200,9925100,25385200,74421000,109731200,52483600,8300,29900,62000,100200
KARNATAKA,0,2023-2024,1465000,740300,5684700,7890100,541200,338900,2120700,3000800,2774700,24152800,16842200,98100600,139095600,73457700,7200,6300,30600,44200
KERALA,0,2023-2024,527500,121300,3325900,3974800,260500,76900,1131800,1469200,1385100,17774000,7423300,74262100,99459400,88783700,95100,38100,435900,569100
LADAKH,0,2023-2024,0,37300,0,37300,0,32500,0,32500,23000,0,2023700,0,2023700,1288400,0,500,0,500
MADHYA PRADESH,0,2023-2024,1219700,2471300,4508100,8199100,536000,1362000,2189000,4087000,2864800,25301000,63359900,111157200,199818100,86562100,8100,37400,34500,80000
MAHARASHTRA,0,2023-2024,993500,1583900,8955400,11532800,196000,393200,1862400,2451600,1812500,8043700,20140600,88046900,116231100,51066600,16100,51700,212600,280500
MANIPUR,0,2023-2024,15600,261300,330500,607300,13100,222200,256800,492100,280000,344200,8125500,6970100,15439800,8144700,0,0,200,300
MEGHALAYA,0,2023-2024,4200,604600,53800,662500,3400,440500,46300,490200,370400,234100,29262400,3200900,32697300,18770200,200,74600,3600,78500
MIZORAM,0,2023-2024,100,216300,1900,218300,100,217200,2000,219200,110000,4800,20220000,182000,20406900,9993100,0,127900,1200,129200
NAGALAND,0,2023-2024,0,461400,6100,467500,0,402200,4900,407100,213900,0,17702700,170400,17873100,8002100,0,300,0,300
ODISHA,0,2023-2024,922000,1637800,3273300,5833100,483100,1042300,1746400,3271700,2419200,26746100,62645900,93524600,182916600,89730200,48800,143800,146700,339300
PUNJAB,0,2023-2024,1188800,500,629700,1819000,615400,300,233100,848800,669800,25469500,10500,9608900,35088800,24088600,11000,0,4100,15100
RAJASTHAN,0,2023-2024,2262500,2141200,6810100,11213800,1355600,1413800,3616000,6385400,5500700,78416400,83111900,213646400,375174700,257767000,119300,75200,315100,509500
SIKKIM,0,2023-2024,4700,35600,47300,87600,3100,24700,32900,60700,37400,176600,1327500,1929500,3433600,1902900,200,1500,2400,4000
TAMIL NADU,0,2023-2024,2377300,147500,6298300,8823100,1873600,107800,4894800,6876100,6556500,111274200,6040600,291387600,408702300,354175100,104700,6000,286400,397100
TELANGANA,0,2023-2024,1141900,887100,3272200,5301300,549900,490100,1492600,2532600,2362100,26456400,24810800,69590900,120858100,75944100,32000,27000,76000,135000
TRIPURA,0,2023-2024,112600,281800,276700,671100,97400,257800,231400,586600,419100,5565200,18420100,13063500,37048900,18363500,5700,48400,14900,69000
UTTAR PRADESH,0,2023-2024,4740900,145300,10326100,15212300,2062700,64600,4732100,6859400,3342100,99630700,3000000,242891600,345522300,146014900,162500,5900,369000,537400
UTTARAKHAND,0,2023-2024,168800,40400,822300,1031500,76900,19200,375700,471800,365800,3381000,1041400,15273000,19695500,11196100,2900,1500,11000,15400
WEST BENGAL,0,2023-2024,3443600,941100,9277900,13662600,800,400,6500,7600,4200,14200,6700,143900,164800,74200,0,0,0,0
ANDAMAN AND NICOBAR,0,2023-2024,0,4200,30300,34500,0,200,4100,4300,3100,0,7500,116300,123800,78900,0,0,100,100
DN HAVELI AND DD,0,2023-2024,0,4400,100,4500,0,800,0,800,1100,0,40200,1200,41400,20300,0,0,0,0
LAKSHADWEEP,0,2023-2024,0,8000,100,8100,0,100,0,100,0,0,3500,0,3500,1400,0,0,0,0
PUDUCHERRY,0,2023-2024,20700,200,55200,76100,14900,200,37500,52500,49800,618300,6300,1564400,2189000,1912900,0,0,100,100
